﻿{"@odata.context":"https://graph.microsoft.com/beta/$metadata#deviceManagement/configurationPolicies/$entity","createdDateTime":"2024-04-09T07:43:24.5422375Z","creationSource":null,"description":"","lastModifiedDateTime":"2024-04-09T07:43:24.5422375Z","name":"Baseline-DMAGuard","platforms":"windows10","priorityMetaData":null,"roleScopeTagIds":["0"],"settingCount":1,"technologies":"mdm","id":"ebc33dbf-eb06-4a30-abef-8c32893412d9","templateReference":{"templateId":"","templateFamily":"none","templateDisplayName":null,"templateDisplayVersion":null},"settings":[{"id":"0","settingInstance":{"@odata.type":"#microsoft.graph.deviceManagementConfigurationChoiceSettingInstance","settingDefinitionId":"device_vendor_msft_policy_config_dmaguard_deviceenumerationpolicy","settingInstanceTemplateReference":null,"choiceSettingValue":{"settingValueTemplateReference":null,"value":"device_vendor_msft_policy_config_dmaguard_deviceenumerationpolicy_0","children":[]}}}]}