﻿{"@odata.context":"https://graph.microsoft.com/beta/$metadata#deviceManagement/configurationPolicies/$entity","createdDateTime":"2024-04-09T08:41:25.5583841Z","creationSource":null,"description":"","lastModifiedDateTime":"2024-04-09T08:41:25.5583841Z","name":"Baseline-WindowsHelloForBusiness","platforms":"windows10","priorityMetaData":null,"roleScopeTagIds":["0"],"settingCount":1,"technologies":"mdm","id":"9f4a4dc4-7284-4587-a33a-8044f19543d3","templateReference":{"templateId":"","templateFamily":"none","templateDisplayName":null,"templateDisplayVersion":null},"settings":[{"id":"0","settingInstance":{"@odata.type":"#microsoft.graph.deviceManagementConfigurationChoiceSettingInstance","settingDefinitionId":"device_vendor_msft_passportforwork_biometrics_facialfeaturesuseenhancedantispoofing","settingInstanceTemplateReference":null,"choiceSettingValue":{"settingValueTemplateReference":null,"value":"device_vendor_msft_passportforwork_biometrics_facialfeaturesuseenhancedantispoofing_true","children":[]}}}]}