﻿{"@odata.context":"https://graph.microsoft.com/beta/$metadata#deviceManagement/configurationPolicies/$entity","createdDateTime":"2025-02-18T23:30:04.1502705Z","creationSource":null,"description":"","lastModifiedDateTime":"2025-02-18T23:30:04.1502705Z","name":"Baseline-LocalSecurtiyAuthority","platforms":"windows10","priorityMetaData":null,"roleScopeTagIds":["0"],"settingCount":1,"technologies":"mdm","id":"6a7d8160-dccf-410f-88e9-741ea41afd66","templateReference":{"templateId":"","templateFamily":"none","templateDisplayName":null,"templateDisplayVersion":null},"settings":[{"id":"0","settingInstance":{"@odata.type":"#microsoft.graph.deviceManagementConfigurationChoiceSettingInstance","settingDefinitionId":"device_vendor_msft_policy_config_localsecurityauthority_configurelsaprotectedprocess","settingInstanceTemplateReference":null,"choiceSettingValue":{"settingValueTemplateReference":null,"value":"device_vendor_msft_policy_config_localsecurityauthority_configurelsaprotectedprocess_1","children":[]}}}]}