﻿{"@odata.context":"https://graph.microsoft.com/beta/$metadata#deviceManagement/configurationPolicies/$entity","createdDateTime":"2024-04-09T07:40:19.6668878Z","creationSource":null,"description":"","lastModifiedDateTime":"2024-04-09T07:40:19.6668878Z","name":"Baseline-DeviceGuard","platforms":"windows10","priorityMetaData":null,"roleScopeTagIds":["0"],"settingCount":4,"technologies":"mdm","id":"082da157-106b-432e-9417-c8d576c2f73f","templateReference":{"templateId":"","templateFamily":"none","templateDisplayName":null,"templateDisplayVersion":null},"settings":[{"id":"0","settingInstance":{"@odata.type":"#microsoft.graph.deviceManagementConfigurationChoiceSettingInstance","settingDefinitionId":"device_vendor_msft_policy_config_deviceguard_configuresystemguardlaunch","settingInstanceTemplateReference":null,"choiceSettingValue":{"settingValueTemplateReference":null,"value":"device_vendor_msft_policy_config_deviceguard_configuresystemguardlaunch_1","children":[]}}},{"id":"1","settingInstance":{"@odata.type":"#microsoft.graph.deviceManagementConfigurationChoiceSettingInstance","settingDefinitionId":"device_vendor_msft_policy_config_deviceguard_lsacfgflags","settingInstanceTemplateReference":null,"choiceSettingValue":{"settingValueTemplateReference":null,"value":"device_vendor_msft_policy_config_deviceguard_lsacfgflags_1","children":[]}}},{"id":"2","settingInstance":{"@odata.type":"#microsoft.graph.deviceManagementConfigurationChoiceSettingInstance","settingDefinitionId":"device_vendor_msft_policy_config_deviceguard_enablevirtualizationbasedsecurity","settingInstanceTemplateReference":null,"choiceSettingValue":{"settingValueTemplateReference":null,"value":"device_vendor_msft_policy_config_deviceguard_enablevirtualizationbasedsecurity_1","children":[]}}},{"id":"3","settingInstance":{"@odata.type":"#microsoft.graph.deviceManagementConfigurationChoiceSettingInstance","settingDefinitionId":"device_vendor_msft_policy_config_deviceguard_requireplatformsecurityfeatures","settingInstanceTemplateReference":null,"choiceSettingValue":{"settingValueTemplateReference":null,"value":"device_vendor_msft_policy_config_deviceguard_requireplatformsecurityfeatures_1","children":[]}}}]}