﻿{"@odata.context":"https://graph.microsoft.com/beta/$metadata#deviceManagement/configurationPolicies/$entity","createdDateTime":"2024-04-09T07:31:52.976672Z","creationSource":null,"description":"","lastModifiedDateTime":"2024-04-09T07:31:52.976672Z","name":"Baseline-Browser","platforms":"windows10","priorityMetaData":null,"roleScopeTagIds":["0"],"settingCount":5,"technologies":"mdm","id":"ae9ff5cf-aa1e-477c-b909-2815dd3f17e7","templateReference":{"templateId":"","templateFamily":"none","templateDisplayName":null,"templateDisplayVersion":null},"settings":[{"id":"0","settingInstance":{"@odata.type":"#microsoft.graph.deviceManagementConfigurationChoiceSettingInstance","settingDefinitionId":"device_vendor_msft_policy_config_browser_allowpasswordmanager","settingInstanceTemplateReference":null,"choiceSettingValue":{"settingValueTemplateReference":null,"value":"device_vendor_msft_policy_config_browser_allowpasswordmanager_0","children":[]}}},{"id":"1","settingInstance":{"@odata.type":"#microsoft.graph.deviceManagementConfigurationChoiceSettingInstance","settingDefinitionId":"device_vendor_msft_policy_config_browser_allowsmartscreen","settingInstanceTemplateReference":null,"choiceSettingValue":{"settingValueTemplateReference":null,"value":"device_vendor_msft_policy_config_browser_allowsmartscreen_1","children":[]}}},{"id":"2","settingInstance":{"@odata.type":"#microsoft.graph.deviceManagementConfigurationChoiceSettingInstance","settingDefinitionId":"device_vendor_msft_policy_config_browser_preventcerterroroverrides","settingInstanceTemplateReference":null,"choiceSettingValue":{"settingValueTemplateReference":null,"value":"device_vendor_msft_policy_config_browser_preventcerterroroverrides_1","children":[]}}},{"id":"3","settingInstance":{"@odata.type":"#microsoft.graph.deviceManagementConfigurationChoiceSettingInstance","settingDefinitionId":"device_vendor_msft_policy_config_browser_preventsmartscreenpromptoverride","settingInstanceTemplateReference":null,"choiceSettingValue":{"settingValueTemplateReference":null,"value":"device_vendor_msft_policy_config_browser_preventsmartscreenpromptoverride_1","children":[]}}},{"id":"4","settingInstance":{"@odata.type":"#microsoft.graph.deviceManagementConfigurationChoiceSettingInstance","settingDefinitionId":"device_vendor_msft_policy_config_browser_preventsmartscreenpromptoverrideforfiles","settingInstanceTemplateReference":null,"choiceSettingValue":{"settingValueTemplateReference":null,"value":"device_vendor_msft_policy_config_browser_preventsmartscreenpromptoverrideforfiles_1","children":[]}}}]}