﻿{"@odata.context":"https://graph.microsoft.com/beta/$metadata#deviceManagement/configurationPolicies/$entity","createdDateTime":"2024-04-09T08:29:02.9224349Z","creationSource":null,"description":"","lastModifiedDateTime":"2024-04-09T08:29:02.9224349Z","name":"Baseline-SystemServices","platforms":"windows10","priorityMetaData":null,"roleScopeTagIds":["0"],"settingCount":4,"technologies":"mdm","id":"a6bc4778-219b-435e-83bc-080bfa4d6711","templateReference":{"templateId":"","templateFamily":"none","templateDisplayName":null,"templateDisplayVersion":null},"settings":[{"id":"0","settingInstance":{"@odata.type":"#microsoft.graph.deviceManagementConfigurationChoiceSettingInstance","settingDefinitionId":"device_vendor_msft_policy_config_systemservices_configurexboxaccessorymanagementservicestartupmode","settingInstanceTemplateReference":null,"choiceSettingValue":{"settingValueTemplateReference":null,"value":"device_vendor_msft_policy_config_systemservices_configurexboxaccessorymanagementservicestartupmode_4","children":[]}}},{"id":"1","settingInstance":{"@odata.type":"#microsoft.graph.deviceManagementConfigurationChoiceSettingInstance","settingDefinitionId":"device_vendor_msft_policy_config_systemservices_configurexboxliveauthmanagerservicestartupmode","settingInstanceTemplateReference":null,"choiceSettingValue":{"settingValueTemplateReference":null,"value":"device_vendor_msft_policy_config_systemservices_configurexboxliveauthmanagerservicestartupmode_4","children":[]}}},{"id":"2","settingInstance":{"@odata.type":"#microsoft.graph.deviceManagementConfigurationChoiceSettingInstance","settingDefinitionId":"device_vendor_msft_policy_config_systemservices_configurexboxlivegamesaveservicestartupmode","settingInstanceTemplateReference":null,"choiceSettingValue":{"settingValueTemplateReference":null,"value":"device_vendor_msft_policy_config_systemservices_configurexboxlivegamesaveservicestartupmode_4","children":[]}}},{"id":"3","settingInstance":{"@odata.type":"#microsoft.graph.deviceManagementConfigurationChoiceSettingInstance","settingDefinitionId":"device_vendor_msft_policy_config_systemservices_configurexboxlivenetworkingservicestartupmode","settingInstanceTemplateReference":null,"choiceSettingValue":{"settingValueTemplateReference":null,"value":"device_vendor_msft_policy_config_systemservices_configurexboxlivenetworkingservicestartupmode_4","children":[]}}}]}