﻿{"@odata.context":"https://graph.microsoft.com/beta/$metadata#deviceManagement/configurationPolicies/$entity","createdDateTime":"2024-04-09T08:13:42.9557309Z","creationSource":null,"description":"","lastModifiedDateTime":"2024-04-09T08:18:24.8143336Z","name":"Baseline-LocalPoliciesSecurityOptions","platforms":"windows10","priorityMetaData":null,"roleScopeTagIds":["0"],"settingCount":21,"technologies":"mdm","id":"87eabb4a-40be-4854-8a7c-d161fe5d1fdd","templateReference":{"templateId":"","templateFamily":"none","templateDisplayName":null,"templateDisplayVersion":null},"settings":[{"id":"0","settingInstance":{"@odata.type":"#microsoft.graph.deviceManagementConfigurationChoiceSettingInstance","settingDefinitionId":"device_vendor_msft_policy_config_localpoliciessecurityoptions_accounts_limitlocalaccountuseofblankpasswordstoconsolelogononly","settingInstanceTemplateReference":null,"choiceSettingValue":{"settingValueTemplateReference":null,"value":"device_vendor_msft_policy_config_localpoliciessecurityoptions_accounts_limitlocalaccountuseofblankpasswordstoconsolelogononly_1","children":[]}}},{"id":"1","settingInstance":{"@odata.type":"#microsoft.graph.deviceManagementConfigurationSimpleSettingInstance","settingDefinitionId":"device_vendor_msft_policy_config_localpoliciessecurityoptions_interactivelogon_machineinactivitylimit_v2","settingInstanceTemplateReference":null,"simpleSettingValue":{"@odata.type":"#microsoft.graph.deviceManagementConfigurationIntegerSettingValue","settingValueTemplateReference":null,"value":900}}},{"id":"2","settingInstance":{"@odata.type":"#microsoft.graph.deviceManagementConfigurationChoiceSettingInstance","settingDefinitionId":"device_vendor_msft_policy_config_localpoliciessecurityoptions_interactivelogon_smartcardremovalbehavior","settingInstanceTemplateReference":null,"choiceSettingValue":{"settingValueTemplateReference":null,"value":"device_vendor_msft_policy_config_localpoliciessecurityoptions_interactivelogon_smartcardremovalbehavior_1","children":[]}}},{"id":"3","settingInstance":{"@odata.type":"#microsoft.graph.deviceManagementConfigurationChoiceSettingInstance","settingDefinitionId":"device_vendor_msft_policy_config_localpoliciessecurityoptions_microsoftnetworkclient_digitallysigncommunicationsalways","settingInstanceTemplateReference":null,"choiceSettingValue":{"settingValueTemplateReference":null,"value":"device_vendor_msft_policy_config_localpoliciessecurityoptions_microsoftnetworkclient_digitallysigncommunicationsalways_1","children":[]}}},{"id":"4","settingInstance":{"@odata.type":"#microsoft.graph.deviceManagementConfigurationChoiceSettingInstance","settingDefinitionId":"device_vendor_msft_policy_config_localpoliciessecurityoptions_microsoftnetworkclient_sendunencryptedpasswordtothirdpartysmbservers","settingInstanceTemplateReference":null,"choiceSettingValue":{"settingValueTemplateReference":null,"value":"device_vendor_msft_policy_config_localpoliciessecurityoptions_microsoftnetworkclient_sendunencryptedpasswordtothirdpartysmbservers_0","children":[]}}},{"id":"5","settingInstance":{"@odata.type":"#microsoft.graph.deviceManagementConfigurationChoiceSettingInstance","settingDefinitionId":"device_vendor_msft_policy_config_localpoliciessecurityoptions_microsoftnetworkserver_digitallysigncommunicationsalways","settingInstanceTemplateReference":null,"choiceSettingValue":{"settingValueTemplateReference":null,"value":"device_vendor_msft_policy_config_localpoliciessecurityoptions_microsoftnetworkserver_digitallysigncommunicationsalways_1","children":[]}}},{"id":"6","settingInstance":{"@odata.type":"#microsoft.graph.deviceManagementConfigurationChoiceSettingInstance","settingDefinitionId":"device_vendor_msft_policy_config_localpoliciessecurityoptions_networkaccess_donotallowanonymousenumerationofsamaccounts","settingInstanceTemplateReference":null,"choiceSettingValue":{"settingValueTemplateReference":null,"value":"device_vendor_msft_policy_config_localpoliciessecurityoptions_networkaccess_donotallowanonymousenumerationofsamaccounts_1","children":[]}}},{"id":"7","settingInstance":{"@odata.type":"#microsoft.graph.deviceManagementConfigurationChoiceSettingInstance","settingDefinitionId":"device_vendor_msft_policy_config_localpoliciessecurityoptions_networkaccess_donotallowanonymousenumerationofsamaccountsandshares","settingInstanceTemplateReference":null,"choiceSettingValue":{"settingValueTemplateReference":null,"value":"device_vendor_msft_policy_config_localpoliciessecurityoptions_networkaccess_donotallowanonymousenumerationofsamaccountsandshares_1","children":[]}}},{"id":"8","settingInstance":{"@odata.type":"#microsoft.graph.deviceManagementConfigurationChoiceSettingInstance","settingDefinitionId":"device_vendor_msft_policy_config_localpoliciessecurityoptions_networkaccess_restrictanonymousaccesstonamedpipesandshares","settingInstanceTemplateReference":null,"choiceSettingValue":{"settingValueTemplateReference":null,"value":"device_vendor_msft_policy_config_localpoliciessecurityoptions_networkaccess_restrictanonymousaccesstonamedpipesandshares_1","children":[]}}},{"id":"9","settingInstance":{"@odata.type":"#microsoft.graph.deviceManagementConfigurationSimpleSettingInstance","settingDefinitionId":"device_vendor_msft_policy_config_localpoliciessecurityoptions_networkaccess_restrictclientsallowedtomakeremotecallstosam","settingInstanceTemplateReference":null,"simpleSettingValue":{"@odata.type":"#microsoft.graph.deviceManagementConfigurationStringSettingValue","settingValueTemplateReference":null,"value":"O:BAG:BAD:(A;;RC;;;BA)"}}},{"id":"10","settingInstance":{"@odata.type":"#microsoft.graph.deviceManagementConfigurationChoiceSettingInstance","settingDefinitionId":"device_vendor_msft_policy_config_localpoliciessecurityoptions_networksecurity_donotstorelanmanagerhashvalueonnextpasswordchange","settingInstanceTemplateReference":null,"choiceSettingValue":{"settingValueTemplateReference":null,"value":"device_vendor_msft_policy_config_localpoliciessecurityoptions_networksecurity_donotstorelanmanagerhashvalueonnextpasswordchange_1","children":[]}}},{"id":"11","settingInstance":{"@odata.type":"#microsoft.graph.deviceManagementConfigurationChoiceSettingInstance","settingDefinitionId":"device_vendor_msft_policy_config_localpoliciessecurityoptions_networksecurity_lanmanagerauthenticationlevel","settingInstanceTemplateReference":null,"choiceSettingValue":{"settingValueTemplateReference":null,"value":"device_vendor_msft_policy_config_localpoliciessecurityoptions_networksecurity_lanmanagerauthenticationlevel_5","children":[]}}},{"id":"12","settingInstance":{"@odata.type":"#microsoft.graph.deviceManagementConfigurationChoiceSettingInstance","settingDefinitionId":"device_vendor_msft_policy_config_localpoliciessecurityoptions_networksecurity_minimumsessionsecurityforntlmsspbasedclients","settingInstanceTemplateReference":null,"choiceSettingValue":{"settingValueTemplateReference":null,"value":"device_vendor_msft_policy_config_localpoliciessecurityoptions_networksecurity_minimumsessionsecurityforntlmsspbasedclients_537395200","children":[]}}},{"id":"13","settingInstance":{"@odata.type":"#microsoft.graph.deviceManagementConfigurationChoiceSettingInstance","settingDefinitionId":"device_vendor_msft_policy_config_localpoliciessecurityoptions_networksecurity_minimumsessionsecurityforntlmsspbasedservers","settingInstanceTemplateReference":null,"choiceSettingValue":{"settingValueTemplateReference":null,"value":"device_vendor_msft_policy_config_localpoliciessecurityoptions_networksecurity_minimumsessionsecurityforntlmsspbasedservers_537395200","children":[]}}},{"id":"14","settingInstance":{"@odata.type":"#microsoft.graph.deviceManagementConfigurationChoiceSettingInstance","settingDefinitionId":"device_vendor_msft_policy_config_localpoliciessecurityoptions_useraccountcontrol_behavioroftheelevationpromptforadministrators","settingInstanceTemplateReference":null,"choiceSettingValue":{"settingValueTemplateReference":null,"value":"device_vendor_msft_policy_config_localpoliciessecurityoptions_useraccountcontrol_behavioroftheelevationpromptforadministrators_2","children":[]}}},{"id":"15","settingInstance":{"@odata.type":"#microsoft.graph.deviceManagementConfigurationChoiceSettingInstance","settingDefinitionId":"device_vendor_msft_policy_config_localpoliciessecurityoptions_useraccountcontrol_behavioroftheelevationpromptforstandardusers","settingInstanceTemplateReference":null,"choiceSettingValue":{"settingValueTemplateReference":null,"value":"device_vendor_msft_policy_config_localpoliciessecurityoptions_useraccountcontrol_behavioroftheelevationpromptforstandardusers_0","children":[]}}},{"id":"16","settingInstance":{"@odata.type":"#microsoft.graph.deviceManagementConfigurationChoiceSettingInstance","settingDefinitionId":"device_vendor_msft_policy_config_localpoliciessecurityoptions_useraccountcontrol_detectapplicationinstallationsandpromptforelevation","settingInstanceTemplateReference":null,"choiceSettingValue":{"settingValueTemplateReference":null,"value":"device_vendor_msft_policy_config_localpoliciessecurityoptions_useraccountcontrol_detectapplicationinstallationsandpromptforelevation_1","children":[]}}},{"id":"17","settingInstance":{"@odata.type":"#microsoft.graph.deviceManagementConfigurationChoiceSettingInstance","settingDefinitionId":"device_vendor_msft_policy_config_localpoliciessecurityoptions_useraccountcontrol_onlyelevateuiaccessapplicationsthatareinstalledinsecurelocations","settingInstanceTemplateReference":null,"choiceSettingValue":{"settingValueTemplateReference":null,"value":"device_vendor_msft_policy_config_localpoliciessecurityoptions_useraccountcontrol_onlyelevateuiaccessapplicationsthatareinstalledinsecurelocations_1","children":[]}}},{"id":"18","settingInstance":{"@odata.type":"#microsoft.graph.deviceManagementConfigurationChoiceSettingInstance","settingDefinitionId":"device_vendor_msft_policy_config_localpoliciessecurityoptions_useraccountcontrol_runalladministratorsinadminapprovalmode","settingInstanceTemplateReference":null,"choiceSettingValue":{"settingValueTemplateReference":null,"value":"device_vendor_msft_policy_config_localpoliciessecurityoptions_useraccountcontrol_runalladministratorsinadminapprovalmode_1","children":[]}}},{"id":"19","settingInstance":{"@odata.type":"#microsoft.graph.deviceManagementConfigurationChoiceSettingInstance","settingDefinitionId":"device_vendor_msft_policy_config_localpoliciessecurityoptions_useraccountcontrol_useadminapprovalmode","settingInstanceTemplateReference":null,"choiceSettingValue":{"settingValueTemplateReference":null,"value":"device_vendor_msft_policy_config_localpoliciessecurityoptions_useraccountcontrol_useadminapprovalmode_1","children":[]}}},{"id":"20","settingInstance":{"@odata.type":"#microsoft.graph.deviceManagementConfigurationChoiceSettingInstance","settingDefinitionId":"device_vendor_msft_policy_config_localpoliciessecurityoptions_useraccountcontrol_virtualizefileandregistrywritefailurestoperuserlocations","settingInstanceTemplateReference":null,"choiceSettingValue":{"settingValueTemplateReference":null,"value":"device_vendor_msft_policy_config_localpoliciessecurityoptions_useraccountcontrol_virtualizefileandregistrywritefailurestoperuserlocations_1","children":[]}}}]}