﻿{"@odata.context":"https://graph.microsoft.com/beta/$metadata#deviceManagement/configurationPolicies/$entity","createdDateTime":"2024-04-09T08:29:56.3593765Z","creationSource":null,"description":"","lastModifiedDateTime":"2024-04-09T08:29:56.3593765Z","name":"Baseline-TaskScheduler","platforms":"windows10","priorityMetaData":null,"roleScopeTagIds":["0"],"settingCount":1,"technologies":"mdm","id":"6319a7c8-bfb9-467e-90d4-6292561c2bce","templateReference":{"templateId":"","templateFamily":"none","templateDisplayName":null,"templateDisplayVersion":null},"settings":[{"id":"0","settingInstance":{"@odata.type":"#microsoft.graph.deviceManagementConfigurationChoiceSettingInstance","settingDefinitionId":"device_vendor_msft_policy_config_taskscheduler_enablexboxgamesavetask","settingInstanceTemplateReference":null,"choiceSettingValue":{"settingValueTemplateReference":null,"value":"device_vendor_msft_policy_config_taskscheduler_enablexboxgamesavetask_0","children":[]}}}]}