﻿{"@odata.context":"https://graph.microsoft.com/beta/$metadata#deviceManagement/configurationPolicies/$entity","createdDateTime":"2024-04-09T08:22:32.2666677Z","creationSource":null,"description":"","lastModifiedDateTime":"2024-04-09T08:22:32.2666677Z","name":"Baseline-MicrosoftEdge","platforms":"windows10","priorityMetaData":null,"roleScopeTagIds":["0"],"settingCount":2,"technologies":"mdm","id":"21b9b993-28f9-406a-a994-b5a80dcce19a","templateReference":{"templateId":"","templateFamily":"none","templateDisplayName":null,"templateDisplayVersion":null},"settings":[{"id":"0","settingInstance":{"@odata.type":"#microsoft.graph.deviceManagementConfigurationChoiceSettingInstance","settingDefinitionId":"device_vendor_msft_policy_config_microsoft_edge~policy~microsoft_edge~smartscreen_smartscreenenabled","settingInstanceTemplateReference":null,"choiceSettingValue":{"settingValueTemplateReference":null,"value":"device_vendor_msft_policy_config_microsoft_edge~policy~microsoft_edge~smartscreen_smartscreenenabled_1","children":[]}}},{"id":"1","settingInstance":{"@odata.type":"#microsoft.graph.deviceManagementConfigurationChoiceSettingInstance","settingDefinitionId":"device_vendor_msft_policy_config_microsoft_edge~policy~microsoft_edge~smartscreen_preventsmartscreenpromptoverride","settingInstanceTemplateReference":null,"choiceSettingValue":{"settingValueTemplateReference":null,"value":"device_vendor_msft_policy_config_microsoft_edge~policy~microsoft_edge~smartscreen_preventsmartscreenpromptoverride_1","children":[]}}}]}