﻿{"@odata.context":"https://graph.microsoft.com/beta/$metadata#deviceManagement/configurationPolicies/$entity","createdDateTime":"2024-04-09T08:38:08.6077254Z","creationSource":null,"description":"","lastModifiedDateTime":"2024-04-09T08:38:08.6077254Z","name":"Baseline-UserRights","platforms":"windows10","priorityMetaData":null,"roleScopeTagIds":["0"],"settingCount":17,"technologies":"mdm","id":"cb2fca1b-1ff2-4f4e-a17c-1f0e604a6bcc","templateReference":{"templateId":"","templateFamily":"none","templateDisplayName":null,"templateDisplayVersion":null},"settings":[{"id":"0","settingInstance":{"@odata.type":"#microsoft.graph.deviceManagementConfigurationSimpleSettingCollectionInstance","settingDefinitionId":"device_vendor_msft_policy_config_userrights_accessfromnetwork","settingInstanceTemplateReference":null,"simpleSettingCollectionValue":[{"@odata.type":"#microsoft.graph.deviceManagementConfigurationStringSettingValue","settingValueTemplateReference":null,"value":"Administrators"},{"@odata.type":"#microsoft.graph.deviceManagementConfigurationStringSettingValue","settingValueTemplateReference":null,"value":"Remote Desktop Users"}]}},{"id":"1","settingInstance":{"@odata.type":"#microsoft.graph.deviceManagementConfigurationSimpleSettingCollectionInstance","settingDefinitionId":"device_vendor_msft_policy_config_userrights_allowlocallogon","settingInstanceTemplateReference":null,"simpleSettingCollectionValue":[{"@odata.type":"#microsoft.graph.deviceManagementConfigurationStringSettingValue","settingValueTemplateReference":null,"value":"Administrators"},{"@odata.type":"#microsoft.graph.deviceManagementConfigurationStringSettingValue","settingValueTemplateReference":null,"value":"Users"}]}},{"id":"2","settingInstance":{"@odata.type":"#microsoft.graph.deviceManagementConfigurationSimpleSettingCollectionInstance","settingDefinitionId":"device_vendor_msft_policy_config_userrights_backupfilesanddirectories","settingInstanceTemplateReference":null,"simpleSettingCollectionValue":[{"@odata.type":"#microsoft.graph.deviceManagementConfigurationStringSettingValue","settingValueTemplateReference":null,"value":"Administrators"}]}},{"id":"3","settingInstance":{"@odata.type":"#microsoft.graph.deviceManagementConfigurationSimpleSettingCollectionInstance","settingDefinitionId":"device_vendor_msft_policy_config_userrights_createglobalobjects","settingInstanceTemplateReference":null,"simpleSettingCollectionValue":[{"@odata.type":"#microsoft.graph.deviceManagementConfigurationStringSettingValue","settingValueTemplateReference":null,"value":"Administrators"},{"@odata.type":"#microsoft.graph.deviceManagementConfigurationStringSettingValue","settingValueTemplateReference":null,"value":"SERVICE"},{"@odata.type":"#microsoft.graph.deviceManagementConfigurationStringSettingValue","settingValueTemplateReference":null,"value":"Local Service"},{"@odata.type":"#microsoft.graph.deviceManagementConfigurationStringSettingValue","settingValueTemplateReference":null,"value":"Network Service"}]}},{"id":"4","settingInstance":{"@odata.type":"#microsoft.graph.deviceManagementConfigurationSimpleSettingCollectionInstance","settingDefinitionId":"device_vendor_msft_policy_config_userrights_createpagefile","settingInstanceTemplateReference":null,"simpleSettingCollectionValue":[{"@odata.type":"#microsoft.graph.deviceManagementConfigurationStringSettingValue","settingValueTemplateReference":null,"value":"Administrators"}]}},{"id":"5","settingInstance":{"@odata.type":"#microsoft.graph.deviceManagementConfigurationSimpleSettingCollectionInstance","settingDefinitionId":"device_vendor_msft_policy_config_userrights_debugprograms","settingInstanceTemplateReference":null,"simpleSettingCollectionValue":[{"@odata.type":"#microsoft.graph.deviceManagementConfigurationStringSettingValue","settingValueTemplateReference":null,"value":"Administrators"}]}},{"id":"6","settingInstance":{"@odata.type":"#microsoft.graph.deviceManagementConfigurationSimpleSettingCollectionInstance","settingDefinitionId":"device_vendor_msft_policy_config_userrights_denyaccessfromnetwork","settingInstanceTemplateReference":null,"simpleSettingCollectionValue":[{"@odata.type":"#microsoft.graph.deviceManagementConfigurationStringSettingValue","settingValueTemplateReference":null,"value":"NT AUTHORITY\\Local Account"}]}},{"id":"7","settingInstance":{"@odata.type":"#microsoft.graph.deviceManagementConfigurationSimpleSettingCollectionInstance","settingDefinitionId":"device_vendor_msft_policy_config_userrights_denyremotedesktopserviceslogon","settingInstanceTemplateReference":null,"simpleSettingCollectionValue":[{"@odata.type":"#microsoft.graph.deviceManagementConfigurationStringSettingValue","settingValueTemplateReference":null,"value":" NT AUTHORITY\\Local Account"}]}},{"id":"8","settingInstance":{"@odata.type":"#microsoft.graph.deviceManagementConfigurationSimpleSettingCollectionInstance","settingDefinitionId":"device_vendor_msft_policy_config_userrights_impersonateclient","settingInstanceTemplateReference":null,"simpleSettingCollectionValue":[{"@odata.type":"#microsoft.graph.deviceManagementConfigurationStringSettingValue","settingValueTemplateReference":null,"value":"Administrators"},{"@odata.type":"#microsoft.graph.deviceManagementConfigurationStringSettingValue","settingValueTemplateReference":null,"value":"SERVICE"},{"@odata.type":"#microsoft.graph.deviceManagementConfigurationStringSettingValue","settingValueTemplateReference":null,"value":"Local Service"},{"@odata.type":"#microsoft.graph.deviceManagementConfigurationStringSettingValue","settingValueTemplateReference":null,"value":"Network Service"}]}},{"id":"9","settingInstance":{"@odata.type":"#microsoft.graph.deviceManagementConfigurationSimpleSettingCollectionInstance","settingDefinitionId":"device_vendor_msft_policy_config_userrights_loadunloaddevicedrivers","settingInstanceTemplateReference":null,"simpleSettingCollectionValue":[{"@odata.type":"#microsoft.graph.deviceManagementConfigurationStringSettingValue","settingValueTemplateReference":null,"value":"Administrators"}]}},{"id":"10","settingInstance":{"@odata.type":"#microsoft.graph.deviceManagementConfigurationSimpleSettingCollectionInstance","settingDefinitionId":"device_vendor_msft_policy_config_userrights_manageauditingandsecuritylog","settingInstanceTemplateReference":null,"simpleSettingCollectionValue":[{"@odata.type":"#microsoft.graph.deviceManagementConfigurationStringSettingValue","settingValueTemplateReference":null,"value":"Administrators"}]}},{"id":"11","settingInstance":{"@odata.type":"#microsoft.graph.deviceManagementConfigurationSimpleSettingCollectionInstance","settingDefinitionId":"device_vendor_msft_policy_config_userrights_managevolume","settingInstanceTemplateReference":null,"simpleSettingCollectionValue":[{"@odata.type":"#microsoft.graph.deviceManagementConfigurationStringSettingValue","settingValueTemplateReference":null,"value":"Administrators"}]}},{"id":"12","settingInstance":{"@odata.type":"#microsoft.graph.deviceManagementConfigurationSimpleSettingCollectionInstance","settingDefinitionId":"device_vendor_msft_policy_config_userrights_modifyfirmwareenvironment","settingInstanceTemplateReference":null,"simpleSettingCollectionValue":[{"@odata.type":"#microsoft.graph.deviceManagementConfigurationStringSettingValue","settingValueTemplateReference":null,"value":"Administrators"}]}},{"id":"13","settingInstance":{"@odata.type":"#microsoft.graph.deviceManagementConfigurationSimpleSettingCollectionInstance","settingDefinitionId":"device_vendor_msft_policy_config_userrights_profilesingleprocess","settingInstanceTemplateReference":null,"simpleSettingCollectionValue":[{"@odata.type":"#microsoft.graph.deviceManagementConfigurationStringSettingValue","settingValueTemplateReference":null,"value":"Administrators"}]}},{"id":"14","settingInstance":{"@odata.type":"#microsoft.graph.deviceManagementConfigurationSimpleSettingCollectionInstance","settingDefinitionId":"device_vendor_msft_policy_config_userrights_remoteshutdown","settingInstanceTemplateReference":null,"simpleSettingCollectionValue":[{"@odata.type":"#microsoft.graph.deviceManagementConfigurationStringSettingValue","settingValueTemplateReference":null,"value":"Administrators"}]}},{"id":"15","settingInstance":{"@odata.type":"#microsoft.graph.deviceManagementConfigurationSimpleSettingCollectionInstance","settingDefinitionId":"device_vendor_msft_policy_config_userrights_restorefilesanddirectories","settingInstanceTemplateReference":null,"simpleSettingCollectionValue":[{"@odata.type":"#microsoft.graph.deviceManagementConfigurationStringSettingValue","settingValueTemplateReference":null,"value":"Administrators"}]}},{"id":"16","settingInstance":{"@odata.type":"#microsoft.graph.deviceManagementConfigurationSimpleSettingCollectionInstance","settingDefinitionId":"device_vendor_msft_policy_config_userrights_takeownership","settingInstanceTemplateReference":null,"simpleSettingCollectionValue":[{"@odata.type":"#microsoft.graph.deviceManagementConfigurationStringSettingValue","settingValueTemplateReference":null,"value":"Administrators"}]}}]}