﻿{"@odata.context":"https://graph.microsoft.com/beta/$metadata#deviceManagement/configurationPolicies/$entity","createdDateTime":"2024-04-09T08:40:21.870832Z","creationSource":null,"description":"","lastModifiedDateTime":"2024-04-09T08:40:21.870832Z","name":"Baseline-WiFiSettings","platforms":"windows10","priorityMetaData":null,"roleScopeTagIds":["0"],"settingCount":2,"technologies":"mdm","id":"ce325b53-ad7b-47ac-8c9b-9ee40d7f6ba4","templateReference":{"templateId":"","templateFamily":"none","templateDisplayName":null,"templateDisplayVersion":null},"settings":[{"id":"0","settingInstance":{"@odata.type":"#microsoft.graph.deviceManagementConfigurationChoiceSettingInstance","settingDefinitionId":"device_vendor_msft_policy_config_wifi_allowautoconnecttowifisensehotspots","settingInstanceTemplateReference":null,"choiceSettingValue":{"settingValueTemplateReference":null,"value":"device_vendor_msft_policy_config_wifi_allowautoconnecttowifisensehotspots_0","children":[]}}},{"id":"1","settingInstance":{"@odata.type":"#microsoft.graph.deviceManagementConfigurationChoiceSettingInstance","settingDefinitionId":"device_vendor_msft_policy_config_wifi_allowinternetsharing","settingInstanceTemplateReference":null,"choiceSettingValue":{"settingValueTemplateReference":null,"value":"device_vendor_msft_policy_config_wifi_allowinternetsharing_0","children":[]}}}]}