﻿{"@odata.context":"https://graph.microsoft.com/beta/$metadata#deviceManagement/configurationPolicies/$entity","createdDateTime":"2024-04-09T08:42:19.119434Z","creationSource":null,"description":"","lastModifiedDateTime":"2024-04-09T08:42:19.119434Z","name":"Baseline-WindowsInkWorkspace","platforms":"windows10","priorityMetaData":null,"roleScopeTagIds":["0"],"settingCount":1,"technologies":"mdm","id":"47959719-dce4-4257-93d4-8e9aadcc4ec6","templateReference":{"templateId":"","templateFamily":"none","templateDisplayName":null,"templateDisplayVersion":null},"settings":[{"id":"0","settingInstance":{"@odata.type":"#microsoft.graph.deviceManagementConfigurationChoiceSettingInstance","settingDefinitionId":"device_vendor_msft_policy_config_windowsinkworkspace_allowwindowsinkworkspace","settingInstanceTemplateReference":null,"choiceSettingValue":{"settingValueTemplateReference":null,"value":"device_vendor_msft_policy_config_windowsinkworkspace_allowwindowsinkworkspace_1","children":[]}}}]}