﻿{"@odata.context":"https://graph.microsoft.com/beta/$metadata#deviceManagement/configurationPolicies/$entity","createdDateTime":"2024-04-09T08:07:53.2037974Z","creationSource":null,"description":"","lastModifiedDateTime":"2024-04-09T08:07:53.2037974Z","name":"Baseline-LanmanWorkstation","platforms":"windows10","priorityMetaData":null,"roleScopeTagIds":["0"],"settingCount":1,"technologies":"mdm","id":"f3fab0bc-8044-4a11-bb11-ee32dd1de0ae","templateReference":{"templateId":"","templateFamily":"none","templateDisplayName":null,"templateDisplayVersion":null},"settings":[{"id":"0","settingInstance":{"@odata.type":"#microsoft.graph.deviceManagementConfigurationChoiceSettingInstance","settingDefinitionId":"device_vendor_msft_policy_config_lanmanworkstation_enableinsecureguestlogons","settingInstanceTemplateReference":null,"choiceSettingValue":{"settingValueTemplateReference":null,"value":"device_vendor_msft_policy_config_lanmanworkstation_enableinsecureguestlogons_0","children":[]}}}]}