﻿{"@odata.context":"https://graph.microsoft.com/beta/$metadata#deviceManagement/configurationPolicies/$entity","createdDateTime":"2024-04-09T07:45:22.7656528Z","creationSource":null,"description":"","lastModifiedDateTime":"2024-04-09T07:45:22.7656528Z","name":"Baseline-Experience","platforms":"windows10","priorityMetaData":null,"roleScopeTagIds":["0"],"settingCount":1,"technologies":"mdm","id":"715d617a-a6fc-44be-934f-4fd1c3f277df","templateReference":{"templateId":"","templateFamily":"none","templateDisplayName":null,"templateDisplayVersion":null},"settings":[{"id":"0","settingInstance":{"@odata.type":"#microsoft.graph.deviceManagementConfigurationChoiceSettingInstance","settingDefinitionId":"user_vendor_msft_policy_config_experience_allowwindowsspotlight","settingInstanceTemplateReference":null,"choiceSettingValue":{"settingValueTemplateReference":null,"value":"user_vendor_msft_policy_config_experience_allowwindowsspotlight_1","children":[{"@odata.type":"#microsoft.graph.deviceManagementConfigurationChoiceSettingInstance","settingDefinitionId":"user_vendor_msft_policy_config_experience_allowthirdpartysuggestionsinwindowsspotlight","settingInstanceTemplateReference":null,"choiceSettingValue":{"settingValueTemplateReference":null,"value":"user_vendor_msft_policy_config_experience_allowthirdpartysuggestionsinwindowsspotlight_0","children":[]}},{"@odata.type":"#microsoft.graph.deviceManagementConfigurationChoiceSettingInstance","settingDefinitionId":"device_vendor_msft_policy_config_experience_allowwindowsconsumerfeatures","settingInstanceTemplateReference":null,"choiceSettingValue":{"settingValueTemplateReference":null,"value":"device_vendor_msft_policy_config_experience_allowwindowsconsumerfeatures_0","children":[]}}]}}}]}