﻿{"@odata.context":"https://graph.microsoft.com/beta/$metadata#deviceManagement/configurationPolicies/$entity","createdDateTime":"2024-04-09T08:19:59.7336989Z","creationSource":null,"description":"","lastModifiedDateTime":"2024-04-09T08:19:59.7336989Z","name":"Baseline-MicrosoftAppStore","platforms":"windows10","priorityMetaData":null,"roleScopeTagIds":["0"],"settingCount":3,"technologies":"mdm","id":"45420e66-cb3e-45bd-93db-2d07115f71cf","templateReference":{"templateId":"","templateFamily":"none","templateDisplayName":null,"templateDisplayVersion":null},"settings":[{"id":"0","settingInstance":{"@odata.type":"#microsoft.graph.deviceManagementConfigurationChoiceSettingInstance","settingDefinitionId":"device_vendor_msft_policy_config_applicationmanagement_allowgamedvr","settingInstanceTemplateReference":null,"choiceSettingValue":{"settingValueTemplateReference":null,"value":"device_vendor_msft_policy_config_applicationmanagement_allowgamedvr_0","children":[]}}},{"id":"1","settingInstance":{"@odata.type":"#microsoft.graph.deviceManagementConfigurationChoiceSettingInstance","settingDefinitionId":"device_vendor_msft_policy_config_applicationmanagement_msiallowusercontroloverinstall","settingInstanceTemplateReference":null,"choiceSettingValue":{"settingValueTemplateReference":null,"value":"device_vendor_msft_policy_config_applicationmanagement_msiallowusercontroloverinstall_0","children":[]}}},{"id":"2","settingInstance":{"@odata.type":"#microsoft.graph.deviceManagementConfigurationChoiceSettingInstance","settingDefinitionId":"device_vendor_msft_policy_config_applicationmanagement_msialwaysinstallwithelevatedprivileges","settingInstanceTemplateReference":null,"choiceSettingValue":{"settingValueTemplateReference":null,"value":"device_vendor_msft_policy_config_applicationmanagement_msialwaysinstallwithelevatedprivileges_0","children":[]}}}]}