﻿{"@odata.context":"https://graph.microsoft.com/beta/$metadata#deviceManagement/configurationPolicies/$entity","createdDateTime":"2024-04-09T08:39:25.4467997Z","creationSource":null,"description":"","lastModifiedDateTime":"2024-04-09T08:39:25.4467997Z","name":"Baseline-VirtualizationBasedPolicy","platforms":"windows10","priorityMetaData":null,"roleScopeTagIds":["0"],"settingCount":1,"technologies":"mdm","id":"d8100787-dbca-4526-98b6-177d48549a26","templateReference":{"templateId":"","templateFamily":"none","templateDisplayName":null,"templateDisplayVersion":null},"settings":[{"id":"0","settingInstance":{"@odata.type":"#microsoft.graph.deviceManagementConfigurationChoiceSettingInstance","settingDefinitionId":"device_vendor_msft_policy_config_virtualizationbasedtechnology_hypervisorenforcedcodeintegrity","settingInstanceTemplateReference":null,"choiceSettingValue":{"settingValueTemplateReference":null,"value":"device_vendor_msft_policy_config_virtualizationbasedtechnology_hypervisorenforcedcodeintegrity_1","children":[]}}}]}