﻿{"@odata.context":"https://graph.microsoft.com/beta/$metadata#deviceManagement/configurationPolicies/$entity","createdDateTime":"2024-04-09T07:52:48.5525752Z","creationSource":null,"description":"","lastModifiedDateTime":"2024-04-09T08:03:27.4129077Z","name":"Baseline-Firewall","platforms":"windows10","priorityMetaData":null,"roleScopeTagIds":["0"],"settingCount":3,"technologies":"mdm","id":"d556b963-cc0d-4e8e-a644-29a45b5baff6","templateReference":{"templateId":"","templateFamily":"none","templateDisplayName":null,"templateDisplayVersion":null},"settings":[{"id":"0","settingInstance":{"@odata.type":"#microsoft.graph.deviceManagementConfigurationChoiceSettingInstance","settingDefinitionId":"vendor_msft_firewall_mdmstore_domainprofile_enablefirewall","settingInstanceTemplateReference":null,"choiceSettingValue":{"settingValueTemplateReference":null,"value":"vendor_msft_firewall_mdmstore_domainprofile_enablefirewall_true","children":[{"@odata.type":"#microsoft.graph.deviceManagementConfigurationChoiceSettingInstance","settingDefinitionId":"vendor_msft_firewall_mdmstore_domainprofile_defaultinboundaction","settingInstanceTemplateReference":null,"choiceSettingValue":{"settingValueTemplateReference":null,"value":"vendor_msft_firewall_mdmstore_domainprofile_defaultinboundaction_1","children":[]}},{"@odata.type":"#microsoft.graph.deviceManagementConfigurationChoiceSettingInstance","settingDefinitionId":"vendor_msft_firewall_mdmstore_domainprofile_defaultoutboundaction","settingInstanceTemplateReference":null,"choiceSettingValue":{"settingValueTemplateReference":null,"value":"vendor_msft_firewall_mdmstore_domainprofile_defaultoutboundaction_0","children":[]}},{"@odata.type":"#microsoft.graph.deviceManagementConfigurationChoiceSettingInstance","settingDefinitionId":"vendor_msft_firewall_mdmstore_domainprofile_disableinboundnotifications","settingInstanceTemplateReference":null,"choiceSettingValue":{"settingValueTemplateReference":null,"value":"vendor_msft_firewall_mdmstore_domainprofile_disableinboundnotifications_true","children":[]}},{"@odata.type":"#microsoft.graph.deviceManagementConfigurationChoiceSettingInstance","settingDefinitionId":"vendor_msft_firewall_mdmstore_domainprofile_enablelogdroppedpackets","settingInstanceTemplateReference":null,"choiceSettingValue":{"settingValueTemplateReference":null,"value":"vendor_msft_firewall_mdmstore_domainprofile_enablelogdroppedpackets_true","children":[]}},{"@odata.type":"#microsoft.graph.deviceManagementConfigurationChoiceSettingInstance","settingDefinitionId":"vendor_msft_firewall_mdmstore_domainprofile_enablelogsuccessconnections","settingInstanceTemplateReference":null,"choiceSettingValue":{"settingValueTemplateReference":null,"value":"vendor_msft_firewall_mdmstore_domainprofile_enablelogsuccessconnections_true","children":[]}},{"@odata.type":"#microsoft.graph.deviceManagementConfigurationSimpleSettingInstance","settingDefinitionId":"vendor_msft_firewall_mdmstore_domainprofile_logmaxfilesize","settingInstanceTemplateReference":null,"simpleSettingValue":{"@odata.type":"#microsoft.graph.deviceManagementConfigurationIntegerSettingValue","settingValueTemplateReference":null,"value":16384}}]}}},{"id":"1","settingInstance":{"@odata.type":"#microsoft.graph.deviceManagementConfigurationChoiceSettingInstance","settingDefinitionId":"vendor_msft_firewall_mdmstore_privateprofile_enablefirewall","settingInstanceTemplateReference":null,"choiceSettingValue":{"settingValueTemplateReference":null,"value":"vendor_msft_firewall_mdmstore_privateprofile_enablefirewall_true","children":[{"@odata.type":"#microsoft.graph.deviceManagementConfigurationChoiceSettingInstance","settingDefinitionId":"vendor_msft_firewall_mdmstore_privateprofile_defaultinboundaction","settingInstanceTemplateReference":null,"choiceSettingValue":{"settingValueTemplateReference":null,"value":"vendor_msft_firewall_mdmstore_privateprofile_defaultinboundaction_1","children":[]}},{"@odata.type":"#microsoft.graph.deviceManagementConfigurationChoiceSettingInstance","settingDefinitionId":"vendor_msft_firewall_mdmstore_privateprofile_defaultoutboundaction","settingInstanceTemplateReference":null,"choiceSettingValue":{"settingValueTemplateReference":null,"value":"vendor_msft_firewall_mdmstore_privateprofile_defaultoutboundaction_0","children":[]}},{"@odata.type":"#microsoft.graph.deviceManagementConfigurationChoiceSettingInstance","settingDefinitionId":"vendor_msft_firewall_mdmstore_privateprofile_disableinboundnotifications","settingInstanceTemplateReference":null,"choiceSettingValue":{"settingValueTemplateReference":null,"value":"vendor_msft_firewall_mdmstore_privateprofile_disableinboundnotifications_true","children":[]}},{"@odata.type":"#microsoft.graph.deviceManagementConfigurationChoiceSettingInstance","settingDefinitionId":"vendor_msft_firewall_mdmstore_privateprofile_enablelogdroppedpackets","settingInstanceTemplateReference":null,"choiceSettingValue":{"settingValueTemplateReference":null,"value":"vendor_msft_firewall_mdmstore_privateprofile_enablelogdroppedpackets_true","children":[]}},{"@odata.type":"#microsoft.graph.deviceManagementConfigurationChoiceSettingInstance","settingDefinitionId":"vendor_msft_firewall_mdmstore_privateprofile_enablelogsuccessconnections","settingInstanceTemplateReference":null,"choiceSettingValue":{"settingValueTemplateReference":null,"value":"vendor_msft_firewall_mdmstore_privateprofile_enablelogsuccessconnections_true","children":[]}},{"@odata.type":"#microsoft.graph.deviceManagementConfigurationSimpleSettingInstance","settingDefinitionId":"vendor_msft_firewall_mdmstore_privateprofile_logmaxfilesize","settingInstanceTemplateReference":null,"simpleSettingValue":{"@odata.type":"#microsoft.graph.deviceManagementConfigurationIntegerSettingValue","settingValueTemplateReference":null,"value":16384}}]}}},{"id":"2","settingInstance":{"@odata.type":"#microsoft.graph.deviceManagementConfigurationChoiceSettingInstance","settingDefinitionId":"vendor_msft_firewall_mdmstore_publicprofile_enablefirewall","settingInstanceTemplateReference":null,"choiceSettingValue":{"settingValueTemplateReference":null,"value":"vendor_msft_firewall_mdmstore_publicprofile_enablefirewall_true","children":[{"@odata.type":"#microsoft.graph.deviceManagementConfigurationChoiceSettingInstance","settingDefinitionId":"vendor_msft_firewall_mdmstore_publicprofile_allowlocalipsecpolicymerge","settingInstanceTemplateReference":null,"choiceSettingValue":{"settingValueTemplateReference":null,"value":"vendor_msft_firewall_mdmstore_publicprofile_allowlocalipsecpolicymerge_false","children":[]}},{"@odata.type":"#microsoft.graph.deviceManagementConfigurationChoiceSettingInstance","settingDefinitionId":"vendor_msft_firewall_mdmstore_publicprofile_allowlocalpolicymerge","settingInstanceTemplateReference":null,"choiceSettingValue":{"settingValueTemplateReference":null,"value":"vendor_msft_firewall_mdmstore_publicprofile_allowlocalpolicymerge_false","children":[]}},{"@odata.type":"#microsoft.graph.deviceManagementConfigurationChoiceSettingInstance","settingDefinitionId":"vendor_msft_firewall_mdmstore_publicprofile_defaultinboundaction","settingInstanceTemplateReference":null,"choiceSettingValue":{"settingValueTemplateReference":null,"value":"vendor_msft_firewall_mdmstore_publicprofile_defaultinboundaction_1","children":[]}},{"@odata.type":"#microsoft.graph.deviceManagementConfigurationChoiceSettingInstance","settingDefinitionId":"vendor_msft_firewall_mdmstore_publicprofile_defaultoutboundaction","settingInstanceTemplateReference":null,"choiceSettingValue":{"settingValueTemplateReference":null,"value":"vendor_msft_firewall_mdmstore_publicprofile_defaultoutboundaction_0","children":[]}},{"@odata.type":"#microsoft.graph.deviceManagementConfigurationChoiceSettingInstance","settingDefinitionId":"vendor_msft_firewall_mdmstore_publicprofile_disableinboundnotifications","settingInstanceTemplateReference":null,"choiceSettingValue":{"settingValueTemplateReference":null,"value":"vendor_msft_firewall_mdmstore_publicprofile_disableinboundnotifications_true","children":[]}},{"@odata.type":"#microsoft.graph.deviceManagementConfigurationChoiceSettingInstance","settingDefinitionId":"vendor_msft_firewall_mdmstore_publicprofile_enablelogdroppedpackets","settingInstanceTemplateReference":null,"choiceSettingValue":{"settingValueTemplateReference":null,"value":"vendor_msft_firewall_mdmstore_publicprofile_enablelogdroppedpackets_false","children":[]}},{"@odata.type":"#microsoft.graph.deviceManagementConfigurationChoiceSettingInstance","settingDefinitionId":"vendor_msft_firewall_mdmstore_publicprofile_enablelogsuccessconnections","settingInstanceTemplateReference":null,"choiceSettingValue":{"settingValueTemplateReference":null,"value":"vendor_msft_firewall_mdmstore_publicprofile_enablelogsuccessconnections_false","children":[]}},{"@odata.type":"#microsoft.graph.deviceManagementConfigurationSimpleSettingInstance","settingDefinitionId":"vendor_msft_firewall_mdmstore_publicprofile_logmaxfilesize","settingInstanceTemplateReference":null,"simpleSettingValue":{"@odata.type":"#microsoft.graph.deviceManagementConfigurationIntegerSettingValue","settingValueTemplateReference":null,"value":16384}}]}}}]}