﻿{"@odata.context":"https://graph.microsoft.com/beta/$metadata#deviceManagement/configurationPolicies/$entity","createdDateTime":"2024-04-09T08:25:40.5468276Z","creationSource":null,"description":"","lastModifiedDateTime":"2024-04-09T08:25:40.5468276Z","name":"Baseline-Search","platforms":"windows10","priorityMetaData":null,"roleScopeTagIds":["0"],"settingCount":1,"technologies":"mdm","id":"b97a2def-897c-4ef4-9f18-c04f18bb66a8","templateReference":{"templateId":"","templateFamily":"none","templateDisplayName":null,"templateDisplayVersion":null},"settings":[{"id":"0","settingInstance":{"@odata.type":"#microsoft.graph.deviceManagementConfigurationChoiceSettingInstance","settingDefinitionId":"device_vendor_msft_policy_config_search_allowindexingencryptedstoresoritems","settingInstanceTemplateReference":null,"choiceSettingValue":{"settingValueTemplateReference":null,"value":"device_vendor_msft_policy_config_search_allowindexingencryptedstoresoritems_0","children":[]}}}]}