﻿{"@odata.context":"https://graph.microsoft.com/beta/$metadata#deviceManagement/configurationPolicies/$entity","createdDateTime":"2024-04-09T07:33:04.0066573Z","creationSource":null,"description":"","lastModifiedDateTime":"2024-04-09T07:33:04.0066573Z","name":"Baseline-DataProtection","platforms":"windows10","priorityMetaData":null,"roleScopeTagIds":["0"],"settingCount":1,"technologies":"mdm","id":"e86d8c0a-b8ab-4799-a5a9-a3e71f8bdcf9","templateReference":{"templateId":"","templateFamily":"none","templateDisplayName":null,"templateDisplayVersion":null},"settings":[{"id":"0","settingInstance":{"@odata.type":"#microsoft.graph.deviceManagementConfigurationChoiceSettingInstance","settingDefinitionId":"device_vendor_msft_policy_config_dataprotection_allowdirectmemoryaccess","settingInstanceTemplateReference":null,"choiceSettingValue":{"settingValueTemplateReference":null,"value":"device_vendor_msft_policy_config_dataprotection_allowdirectmemoryaccess_0","children":[]}}}]}