﻿{"@odata.context":"https://graph.microsoft.com/beta/$metadata#deviceManagement/configurationPolicies/$entity","createdDateTime":"2025-02-24T13:44:28.4533111Z","creationSource":null,"description":"","lastModifiedDateTime":"2025-02-24T13:44:28.4533111Z","name":"Baseline-MDE-AdministrativeTemplates","platforms":"windows10","priorityMetaData":null,"roleScopeTagIds":["0"],"settingCount":17,"technologies":"mdm","id":"2ac3af1d-e536-4cf1-b430-59d719eb862b","templateReference":{"templateId":"","templateFamily":"none","templateDisplayName":null,"templateDisplayVersion":null},"settings":[{"id":"0","settingInstance":{"@odata.type":"#microsoft.graph.deviceManagementConfigurationChoiceSettingInstance","settingDefinitionId":"device_vendor_msft_policy_config_deviceinstallation_preventinstallationofmatchingdevicesetupclasses","settingInstanceTemplateReference":null,"choiceSettingValue":{"settingValueTemplateReference":null,"value":"device_vendor_msft_policy_config_deviceinstallation_preventinstallationofmatchingdevicesetupclasses_1","children":[{"@odata.type":"#microsoft.graph.deviceManagementConfigurationChoiceSettingInstance","settingDefinitionId":"device_vendor_msft_policy_config_deviceinstallation_preventinstallationofmatchingdevicesetupclasses_deviceinstall_classes_deny_retroactive","settingInstanceTemplateReference":null,"choiceSettingValue":{"settingValueTemplateReference":null,"value":"device_vendor_msft_policy_config_deviceinstallation_preventinstallationofmatchingdevicesetupclasses_deviceinstall_classes_deny_retroactive_0","children":[]}},{"@odata.type":"#microsoft.graph.deviceManagementConfigurationSimpleSettingCollectionInstance","settingDefinitionId":"device_vendor_msft_policy_config_deviceinstallation_preventinstallationofmatchingdevicesetupclasses_deviceinstall_classes_deny_list","settingInstanceTemplateReference":null,"simpleSettingCollectionValue":[{"@odata.type":"#microsoft.graph.deviceManagementConfigurationStringSettingValue","settingValueTemplateReference":null,"value":"{d48179be-ec20-11d1-b6b8-00c04fa372a7}"}]}]}}},{"id":"1","settingInstance":{"@odata.type":"#microsoft.graph.deviceManagementConfigurationChoiceSettingInstance","settingDefinitionId":"device_vendor_msft_bitlocker_encryptionmethodbydrivetype","settingInstanceTemplateReference":null,"choiceSettingValue":{"settingValueTemplateReference":null,"value":"device_vendor_msft_bitlocker_encryptionmethodbydrivetype_1","children":[{"@odata.type":"#microsoft.graph.deviceManagementConfigurationChoiceSettingInstance","settingDefinitionId":"device_vendor_msft_bitlocker_encryptionmethodbydrivetype_encryptionmethodwithxtsfdvdropdown_name","settingInstanceTemplateReference":null,"choiceSettingValue":{"settingValueTemplateReference":null,"value":"device_vendor_msft_bitlocker_encryptionmethodbydrivetype_encryptionmethodwithxtsfdvdropdown_name_6","children":[]}},{"@odata.type":"#microsoft.graph.deviceManagementConfigurationChoiceSettingInstance","settingDefinitionId":"device_vendor_msft_bitlocker_encryptionmethodbydrivetype_encryptionmethodwithxtsosdropdown_name","settingInstanceTemplateReference":null,"choiceSettingValue":{"settingValueTemplateReference":null,"value":"device_vendor_msft_bitlocker_encryptionmethodbydrivetype_encryptionmethodwithxtsosdropdown_name_6","children":[]}},{"@odata.type":"#microsoft.graph.deviceManagementConfigurationChoiceSettingInstance","settingDefinitionId":"device_vendor_msft_bitlocker_encryptionmethodbydrivetype_encryptionmethodwithxtsrdvdropdown_name","settingInstanceTemplateReference":null,"choiceSettingValue":{"settingValueTemplateReference":null,"value":"device_vendor_msft_bitlocker_encryptionmethodbydrivetype_encryptionmethodwithxtsrdvdropdown_name_3","children":[]}}]}}},{"id":"2","settingInstance":{"@odata.type":"#microsoft.graph.deviceManagementConfigurationChoiceSettingInstance","settingDefinitionId":"device_vendor_msft_bitlocker_fixeddrivesrecoveryoptions","settingInstanceTemplateReference":null,"choiceSettingValue":{"settingValueTemplateReference":null,"value":"device_vendor_msft_bitlocker_fixeddrivesrecoveryoptions_1","children":[{"@odata.type":"#microsoft.graph.deviceManagementConfigurationChoiceSettingInstance","settingDefinitionId":"device_vendor_msft_bitlocker_fixeddrivesrecoveryoptions_fdvrecoverykeyusagedropdown_name","settingInstanceTemplateReference":null,"choiceSettingValue":{"settingValueTemplateReference":null,"value":"device_vendor_msft_bitlocker_fixeddrivesrecoveryoptions_fdvrecoverykeyusagedropdown_name_2","children":[]}},{"@odata.type":"#microsoft.graph.deviceManagementConfigurationChoiceSettingInstance","settingDefinitionId":"device_vendor_msft_bitlocker_fixeddrivesrecoveryoptions_fdvrecoverypasswordusagedropdown_name","settingInstanceTemplateReference":null,"choiceSettingValue":{"settingValueTemplateReference":null,"value":"device_vendor_msft_bitlocker_fixeddrivesrecoveryoptions_fdvrecoverypasswordusagedropdown_name_2","children":[]}},{"@odata.type":"#microsoft.graph.deviceManagementConfigurationChoiceSettingInstance","settingDefinitionId":"device_vendor_msft_bitlocker_fixeddrivesrecoveryoptions_fdvallowdra_name","settingInstanceTemplateReference":null,"choiceSettingValue":{"settingValueTemplateReference":null,"value":"device_vendor_msft_bitlocker_fixeddrivesrecoveryoptions_fdvallowdra_name_1","children":[]}},{"@odata.type":"#microsoft.graph.deviceManagementConfigurationChoiceSettingInstance","settingDefinitionId":"device_vendor_msft_bitlocker_fixeddrivesrecoveryoptions_fdvactivedirectorybackupdropdown_name","settingInstanceTemplateReference":null,"choiceSettingValue":{"settingValueTemplateReference":null,"value":"device_vendor_msft_bitlocker_fixeddrivesrecoveryoptions_fdvactivedirectorybackupdropdown_name_1","children":[]}},{"@odata.type":"#microsoft.graph.deviceManagementConfigurationChoiceSettingInstance","settingDefinitionId":"device_vendor_msft_bitlocker_fixeddrivesrecoveryoptions_fdvrequireactivedirectorybackup_name","settingInstanceTemplateReference":null,"choiceSettingValue":{"settingValueTemplateReference":null,"value":"device_vendor_msft_bitlocker_fixeddrivesrecoveryoptions_fdvrequireactivedirectorybackup_name_1","children":[]}},{"@odata.type":"#microsoft.graph.deviceManagementConfigurationChoiceSettingInstance","settingDefinitionId":"device_vendor_msft_bitlocker_fixeddrivesrecoveryoptions_fdvhiderecoverypage_name","settingInstanceTemplateReference":null,"choiceSettingValue":{"settingValueTemplateReference":null,"value":"device_vendor_msft_bitlocker_fixeddrivesrecoveryoptions_fdvhiderecoverypage_name_1","children":[]}},{"@odata.type":"#microsoft.graph.deviceManagementConfigurationChoiceSettingInstance","settingDefinitionId":"device_vendor_msft_bitlocker_fixeddrivesrecoveryoptions_fdvactivedirectorybackup_name","settingInstanceTemplateReference":null,"choiceSettingValue":{"settingValueTemplateReference":null,"value":"device_vendor_msft_bitlocker_fixeddrivesrecoveryoptions_fdvactivedirectorybackup_name_1","children":[]}}]}}},{"id":"3","settingInstance":{"@odata.type":"#microsoft.graph.deviceManagementConfigurationChoiceSettingInstance","settingDefinitionId":"device_vendor_msft_bitlocker_fixeddrivesrequireencryption","settingInstanceTemplateReference":null,"choiceSettingValue":{"settingValueTemplateReference":null,"value":"device_vendor_msft_bitlocker_fixeddrivesrequireencryption_1","children":[]}}},{"id":"4","settingInstance":{"@odata.type":"#microsoft.graph.deviceManagementConfigurationChoiceSettingInstance","settingDefinitionId":"device_vendor_msft_bitlocker_fixeddrivesencryptiontype","settingInstanceTemplateReference":null,"choiceSettingValue":{"settingValueTemplateReference":null,"value":"device_vendor_msft_bitlocker_fixeddrivesencryptiontype_1","children":[{"@odata.type":"#microsoft.graph.deviceManagementConfigurationChoiceSettingInstance","settingDefinitionId":"device_vendor_msft_bitlocker_fixeddrivesencryptiontype_fdvencryptiontypedropdown_name","settingInstanceTemplateReference":null,"choiceSettingValue":{"settingValueTemplateReference":null,"value":"device_vendor_msft_bitlocker_fixeddrivesencryptiontype_fdvencryptiontypedropdown_name_2","children":[]}}]}}},{"id":"5","settingInstance":{"@odata.type":"#microsoft.graph.deviceManagementConfigurationChoiceSettingInstance","settingDefinitionId":"device_vendor_msft_bitlocker_systemdrivesenableprebootpinexceptionondecapabledevice","settingInstanceTemplateReference":null,"choiceSettingValue":{"settingValueTemplateReference":null,"value":"device_vendor_msft_bitlocker_systemdrivesenableprebootpinexceptionondecapabledevice_0","children":[]}}},{"id":"6","settingInstance":{"@odata.type":"#microsoft.graph.deviceManagementConfigurationChoiceSettingInstance","settingDefinitionId":"device_vendor_msft_bitlocker_systemdrivesenhancedpin","settingInstanceTemplateReference":null,"choiceSettingValue":{"settingValueTemplateReference":null,"value":"device_vendor_msft_bitlocker_systemdrivesenhancedpin_0","children":[]}}},{"id":"7","settingInstance":{"@odata.type":"#microsoft.graph.deviceManagementConfigurationChoiceSettingInstance","settingDefinitionId":"device_vendor_msft_bitlocker_systemdrivesrecoveryoptions","settingInstanceTemplateReference":null,"choiceSettingValue":{"settingValueTemplateReference":null,"value":"device_vendor_msft_bitlocker_systemdrivesrecoveryoptions_1","children":[{"@odata.type":"#microsoft.graph.deviceManagementConfigurationChoiceSettingInstance","settingDefinitionId":"device_vendor_msft_bitlocker_systemdrivesrecoveryoptions_osrecoverykeyusagedropdown_name","settingInstanceTemplateReference":null,"choiceSettingValue":{"settingValueTemplateReference":null,"value":"device_vendor_msft_bitlocker_systemdrivesrecoveryoptions_osrecoverykeyusagedropdown_name_2","children":[]}},{"@odata.type":"#microsoft.graph.deviceManagementConfigurationChoiceSettingInstance","settingDefinitionId":"device_vendor_msft_bitlocker_systemdrivesrecoveryoptions_osrecoverypasswordusagedropdown_name","settingInstanceTemplateReference":null,"choiceSettingValue":{"settingValueTemplateReference":null,"value":"device_vendor_msft_bitlocker_systemdrivesrecoveryoptions_osrecoverypasswordusagedropdown_name_2","children":[]}},{"@odata.type":"#microsoft.graph.deviceManagementConfigurationChoiceSettingInstance","settingDefinitionId":"device_vendor_msft_bitlocker_systemdrivesrecoveryoptions_osallowdra_name","settingInstanceTemplateReference":null,"choiceSettingValue":{"settingValueTemplateReference":null,"value":"device_vendor_msft_bitlocker_systemdrivesrecoveryoptions_osallowdra_name_1","children":[]}},{"@odata.type":"#microsoft.graph.deviceManagementConfigurationChoiceSettingInstance","settingDefinitionId":"device_vendor_msft_bitlocker_systemdrivesrecoveryoptions_osactivedirectorybackupdropdown_name","settingInstanceTemplateReference":null,"choiceSettingValue":{"settingValueTemplateReference":null,"value":"device_vendor_msft_bitlocker_systemdrivesrecoveryoptions_osactivedirectorybackupdropdown_name_1","children":[]}},{"@odata.type":"#microsoft.graph.deviceManagementConfigurationChoiceSettingInstance","settingDefinitionId":"device_vendor_msft_bitlocker_systemdrivesrecoveryoptions_osrequireactivedirectorybackup_name","settingInstanceTemplateReference":null,"choiceSettingValue":{"settingValueTemplateReference":null,"value":"device_vendor_msft_bitlocker_systemdrivesrecoveryoptions_osrequireactivedirectorybackup_name_1","children":[]}},{"@odata.type":"#microsoft.graph.deviceManagementConfigurationChoiceSettingInstance","settingDefinitionId":"device_vendor_msft_bitlocker_systemdrivesrecoveryoptions_oshiderecoverypage_name","settingInstanceTemplateReference":null,"choiceSettingValue":{"settingValueTemplateReference":null,"value":"device_vendor_msft_bitlocker_systemdrivesrecoveryoptions_oshiderecoverypage_name_1","children":[]}},{"@odata.type":"#microsoft.graph.deviceManagementConfigurationChoiceSettingInstance","settingDefinitionId":"device_vendor_msft_bitlocker_systemdrivesrecoveryoptions_osactivedirectorybackup_name","settingInstanceTemplateReference":null,"choiceSettingValue":{"settingValueTemplateReference":null,"value":"device_vendor_msft_bitlocker_systemdrivesrecoveryoptions_osactivedirectorybackup_name_1","children":[]}}]}}},{"id":"8","settingInstance":{"@odata.type":"#microsoft.graph.deviceManagementConfigurationChoiceSettingInstance","settingDefinitionId":"device_vendor_msft_bitlocker_systemdrivesenableprebootinputprotectorsonslates","settingInstanceTemplateReference":null,"choiceSettingValue":{"settingValueTemplateReference":null,"value":"device_vendor_msft_bitlocker_systemdrivesenableprebootinputprotectorsonslates_1","children":[]}}},{"id":"9","settingInstance":{"@odata.type":"#microsoft.graph.deviceManagementConfigurationChoiceSettingInstance","settingDefinitionId":"device_vendor_msft_bitlocker_systemdrivesencryptiontype","settingInstanceTemplateReference":null,"choiceSettingValue":{"settingValueTemplateReference":null,"value":"device_vendor_msft_bitlocker_systemdrivesencryptiontype_1","children":[{"@odata.type":"#microsoft.graph.deviceManagementConfigurationChoiceSettingInstance","settingDefinitionId":"device_vendor_msft_bitlocker_systemdrivesencryptiontype_osencryptiontypedropdown_name","settingInstanceTemplateReference":null,"choiceSettingValue":{"settingValueTemplateReference":null,"value":"device_vendor_msft_bitlocker_systemdrivesencryptiontype_osencryptiontypedropdown_name_2","children":[]}}]}}},{"id":"10","settingInstance":{"@odata.type":"#microsoft.graph.deviceManagementConfigurationChoiceSettingInstance","settingDefinitionId":"device_vendor_msft_bitlocker_systemdrivesrequirestartupauthentication","settingInstanceTemplateReference":null,"choiceSettingValue":{"settingValueTemplateReference":null,"value":"device_vendor_msft_bitlocker_systemdrivesrequirestartupauthentication_1","children":[{"@odata.type":"#microsoft.graph.deviceManagementConfigurationChoiceSettingInstance","settingDefinitionId":"device_vendor_msft_bitlocker_systemdrivesrequirestartupauthentication_configurenontpmstartupkeyusage_name","settingInstanceTemplateReference":null,"choiceSettingValue":{"settingValueTemplateReference":null,"value":"device_vendor_msft_bitlocker_systemdrivesrequirestartupauthentication_configurenontpmstartupkeyusage_name_0","children":[]}},{"@odata.type":"#microsoft.graph.deviceManagementConfigurationChoiceSettingInstance","settingDefinitionId":"device_vendor_msft_bitlocker_systemdrivesrequirestartupauthentication_configuretpmpinkeyusagedropdown_name","settingInstanceTemplateReference":null,"choiceSettingValue":{"settingValueTemplateReference":null,"value":"device_vendor_msft_bitlocker_systemdrivesrequirestartupauthentication_configuretpmpinkeyusagedropdown_name_0","children":[]}},{"@odata.type":"#microsoft.graph.deviceManagementConfigurationChoiceSettingInstance","settingDefinitionId":"device_vendor_msft_bitlocker_systemdrivesrequirestartupauthentication_configuretpmstartupkeyusagedropdown_name","settingInstanceTemplateReference":null,"choiceSettingValue":{"settingValueTemplateReference":null,"value":"device_vendor_msft_bitlocker_systemdrivesrequirestartupauthentication_configuretpmstartupkeyusagedropdown_name_0","children":[]}},{"@odata.type":"#microsoft.graph.deviceManagementConfigurationChoiceSettingInstance","settingDefinitionId":"device_vendor_msft_bitlocker_systemdrivesrequirestartupauthentication_configurepinusagedropdown_name","settingInstanceTemplateReference":null,"choiceSettingValue":{"settingValueTemplateReference":null,"value":"device_vendor_msft_bitlocker_systemdrivesrequirestartupauthentication_configurepinusagedropdown_name_2","children":[]}},{"@odata.type":"#microsoft.graph.deviceManagementConfigurationChoiceSettingInstance","settingDefinitionId":"device_vendor_msft_bitlocker_systemdrivesrequirestartupauthentication_configuretpmusagedropdown_name","settingInstanceTemplateReference":null,"choiceSettingValue":{"settingValueTemplateReference":null,"value":"device_vendor_msft_bitlocker_systemdrivesrequirestartupauthentication_configuretpmusagedropdown_name_2","children":[]}}]}}},{"id":"11","settingInstance":{"@odata.type":"#microsoft.graph.deviceManagementConfigurationChoiceSettingInstance","settingDefinitionId":"device_vendor_msft_bitlocker_removabledrivesconfigurebde","settingInstanceTemplateReference":null,"choiceSettingValue":{"settingValueTemplateReference":null,"value":"device_vendor_msft_bitlocker_removabledrivesconfigurebde_1","children":[{"@odata.type":"#microsoft.graph.deviceManagementConfigurationChoiceSettingInstance","settingDefinitionId":"device_vendor_msft_bitlocker_removabledrivesconfigurebde_rdvallowbde_name","settingInstanceTemplateReference":null,"choiceSettingValue":{"settingValueTemplateReference":null,"value":"device_vendor_msft_bitlocker_removabledrivesconfigurebde_rdvallowbde_name_1","children":[{"@odata.type":"#microsoft.graph.deviceManagementConfigurationChoiceSettingInstance","settingDefinitionId":"device_vendor_msft_bitlocker_removabledrivesencryptiontype","settingInstanceTemplateReference":null,"choiceSettingValue":{"settingValueTemplateReference":null,"value":"device_vendor_msft_bitlocker_removabledrivesencryptiontype_1","children":[{"@odata.type":"#microsoft.graph.deviceManagementConfigurationChoiceSettingInstance","settingDefinitionId":"device_vendor_msft_bitlocker_removabledrivesencryptiontype_rdvencryptiontypedropdown_name","settingInstanceTemplateReference":null,"choiceSettingValue":{"settingValueTemplateReference":null,"value":"device_vendor_msft_bitlocker_removabledrivesencryptiontype_rdvencryptiontypedropdown_name_2","children":[]}}]}}]}},{"@odata.type":"#microsoft.graph.deviceManagementConfigurationChoiceSettingInstance","settingDefinitionId":"device_vendor_msft_bitlocker_removabledrivesconfigurebde_rdvdisablebde_name","settingInstanceTemplateReference":null,"choiceSettingValue":{"settingValueTemplateReference":null,"value":"device_vendor_msft_bitlocker_removabledrivesconfigurebde_rdvdisablebde_name_0","children":[]}}]}}},{"id":"12","settingInstance":{"@odata.type":"#microsoft.graph.deviceManagementConfigurationChoiceSettingInstance","settingDefinitionId":"device_vendor_msft_bitlocker_removabledrivesrequireencryption","settingInstanceTemplateReference":null,"choiceSettingValue":{"settingValueTemplateReference":null,"value":"device_vendor_msft_bitlocker_removabledrivesrequireencryption_1","children":[{"@odata.type":"#microsoft.graph.deviceManagementConfigurationChoiceSettingInstance","settingDefinitionId":"device_vendor_msft_bitlocker_removabledrivesrequireencryption_rdvcrossorg","settingInstanceTemplateReference":null,"choiceSettingValue":{"settingValueTemplateReference":null,"value":"device_vendor_msft_bitlocker_removabledrivesrequireencryption_rdvcrossorg_0","children":[]}}]}}},{"id":"13","settingInstance":{"@odata.type":"#microsoft.graph.deviceManagementConfigurationChoiceSettingInstance","settingDefinitionId":"device_vendor_msft_policy_config_admx_windowsexplorer_enablesmartscreen","settingInstanceTemplateReference":null,"choiceSettingValue":{"settingValueTemplateReference":null,"value":"device_vendor_msft_policy_config_admx_windowsexplorer_enablesmartscreen_1","children":[{"@odata.type":"#microsoft.graph.deviceManagementConfigurationChoiceSettingInstance","settingDefinitionId":"device_vendor_msft_policy_config_admx_windowsexplorer_enablesmartscreen_enablesmartscreendropdown","settingInstanceTemplateReference":null,"choiceSettingValue":{"settingValueTemplateReference":null,"value":"device_vendor_msft_policy_config_admx_windowsexplorer_enablesmartscreen_enablesmartscreendropdown_block","children":[]}}]}}},{"id":"14","settingInstance":{"@odata.type":"#microsoft.graph.deviceManagementConfigurationChoiceSettingInstance","settingDefinitionId":"device_vendor_msft_policy_config_internetexplorer_disablebypassofsmartscreenwarningsaboutuncommonfiles","settingInstanceTemplateReference":null,"choiceSettingValue":{"settingValueTemplateReference":null,"value":"device_vendor_msft_policy_config_internetexplorer_disablebypassofsmartscreenwarningsaboutuncommonfiles_1","children":[]}}},{"id":"15","settingInstance":{"@odata.type":"#microsoft.graph.deviceManagementConfigurationChoiceSettingInstance","settingDefinitionId":"user_vendor_msft_policy_config_internetexplorer_disablebypassofsmartscreenwarningsaboutuncommonfiles","settingInstanceTemplateReference":null,"choiceSettingValue":{"settingValueTemplateReference":null,"value":"user_vendor_msft_policy_config_internetexplorer_disablebypassofsmartscreenwarningsaboutuncommonfiles_1","children":[]}}},{"id":"16","settingInstance":{"@odata.type":"#microsoft.graph.deviceManagementConfigurationChoiceSettingInstance","settingDefinitionId":"device_vendor_msft_policy_config_internetexplorer_preventmanagingsmartscreenfilter","settingInstanceTemplateReference":null,"choiceSettingValue":{"settingValueTemplateReference":null,"value":"device_vendor_msft_policy_config_internetexplorer_preventmanagingsmartscreenfilter_1","children":[{"@odata.type":"#microsoft.graph.deviceManagementConfigurationChoiceSettingInstance","settingDefinitionId":"device_vendor_msft_policy_config_internetexplorer_preventmanagingsmartscreenfilter_ie9safetyfilteroptions","settingInstanceTemplateReference":null,"choiceSettingValue":{"settingValueTemplateReference":null,"value":"device_vendor_msft_policy_config_internetexplorer_preventmanagingsmartscreenfilter_ie9safetyfilteroptions_1","children":[]}}]}}}]}