﻿{"@odata.context":"https://graph.microsoft.com/beta/$metadata#deviceManagement/configurationPolicies/$entity","createdDateTime":"2025-02-24T14:02:54.8135884Z","creationSource":null,"description":"","lastModifiedDateTime":"2025-02-24T14:02:54.8135884Z","name":"Baseline-MDE-DeviceGuard","platforms":"windows10","priorityMetaData":null,"roleScopeTagIds":["0"],"settingCount":1,"technologies":"mdm","id":"e74f48d6-a5c1-49b6-a3f8-99c7d60a99ef","templateReference":{"templateId":"","templateFamily":"none","templateDisplayName":null,"templateDisplayVersion":null},"settings":[{"id":"0","settingInstance":{"@odata.type":"#microsoft.graph.deviceManagementConfigurationChoiceSettingInstance","settingDefinitionId":"device_vendor_msft_policy_config_deviceguard_lsacfgflags","settingInstanceTemplateReference":null,"choiceSettingValue":{"settingValueTemplateReference":null,"value":"device_vendor_msft_policy_config_deviceguard_lsacfgflags_1","children":[]}}}]}