﻿{"@odata.context":"https://graph.microsoft.com/beta/$metadata#deviceManagement/configurationPolicies/$entity","createdDateTime":"2025-02-24T14:01:24.5967401Z","creationSource":null,"description":"","lastModifiedDateTime":"2025-02-24T14:01:24.5967401Z","name":"Baseline-MDE-Defender","platforms":"windows10","priorityMetaData":null,"roleScopeTagIds":["0"],"settingCount":28,"technologies":"mdm","id":"4bb0b41b-59ac-4a10-9c5f-bb457a2c9787","templateReference":{"templateId":"","templateFamily":"none","templateDisplayName":null,"templateDisplayVersion":null},"settings":[{"id":"0","settingInstance":{"@odata.type":"#microsoft.graph.deviceManagementConfigurationChoiceSettingInstance","settingDefinitionId":"device_vendor_msft_policy_config_defender_allowarchivescanning","settingInstanceTemplateReference":null,"choiceSettingValue":{"settingValueTemplateReference":null,"value":"device_vendor_msft_policy_config_defender_allowarchivescanning_1","children":[]}}},{"id":"1","settingInstance":{"@odata.type":"#microsoft.graph.deviceManagementConfigurationChoiceSettingInstance","settingDefinitionId":"device_vendor_msft_policy_config_defender_allowbehaviormonitoring","settingInstanceTemplateReference":null,"choiceSettingValue":{"settingValueTemplateReference":null,"value":"device_vendor_msft_policy_config_defender_allowbehaviormonitoring_1","children":[]}}},{"id":"2","settingInstance":{"@odata.type":"#microsoft.graph.deviceManagementConfigurationChoiceSettingInstance","settingDefinitionId":"device_vendor_msft_policy_config_defender_allowcloudprotection","settingInstanceTemplateReference":null,"choiceSettingValue":{"settingValueTemplateReference":null,"value":"device_vendor_msft_policy_config_defender_allowcloudprotection_1","children":[]}}},{"id":"3","settingInstance":{"@odata.type":"#microsoft.graph.deviceManagementConfigurationChoiceSettingInstance","settingDefinitionId":"device_vendor_msft_policy_config_defender_allowemailscanning","settingInstanceTemplateReference":null,"choiceSettingValue":{"settingValueTemplateReference":null,"value":"device_vendor_msft_policy_config_defender_allowemailscanning_1","children":[]}}},{"id":"4","settingInstance":{"@odata.type":"#microsoft.graph.deviceManagementConfigurationChoiceSettingInstance","settingDefinitionId":"device_vendor_msft_policy_config_defender_allowfullscanremovabledrivescanning","settingInstanceTemplateReference":null,"choiceSettingValue":{"settingValueTemplateReference":null,"value":"device_vendor_msft_policy_config_defender_allowfullscanremovabledrivescanning_1","children":[]}}},{"id":"5","settingInstance":{"@odata.type":"#microsoft.graph.deviceManagementConfigurationChoiceSettingInstance","settingDefinitionId":"device_vendor_msft_policy_config_defender_allowonaccessprotection","settingInstanceTemplateReference":null,"choiceSettingValue":{"settingValueTemplateReference":null,"value":"device_vendor_msft_policy_config_defender_allowonaccessprotection_1","children":[]}}},{"id":"6","settingInstance":{"@odata.type":"#microsoft.graph.deviceManagementConfigurationChoiceSettingInstance","settingDefinitionId":"device_vendor_msft_policy_config_defender_allowrealtimemonitoring","settingInstanceTemplateReference":null,"choiceSettingValue":{"settingValueTemplateReference":null,"value":"device_vendor_msft_policy_config_defender_allowrealtimemonitoring_1","children":[]}}},{"id":"7","settingInstance":{"@odata.type":"#microsoft.graph.deviceManagementConfigurationChoiceSettingInstance","settingDefinitionId":"device_vendor_msft_policy_config_defender_allowscanningnetworkfiles","settingInstanceTemplateReference":null,"choiceSettingValue":{"settingValueTemplateReference":null,"value":"device_vendor_msft_policy_config_defender_allowscanningnetworkfiles_1","children":[]}}},{"id":"8","settingInstance":{"@odata.type":"#microsoft.graph.deviceManagementConfigurationChoiceSettingInstance","settingDefinitionId":"device_vendor_msft_policy_config_defender_allowioavprotection","settingInstanceTemplateReference":null,"choiceSettingValue":{"settingValueTemplateReference":null,"value":"device_vendor_msft_policy_config_defender_allowioavprotection_1","children":[]}}},{"id":"9","settingInstance":{"@odata.type":"#microsoft.graph.deviceManagementConfigurationChoiceSettingInstance","settingDefinitionId":"device_vendor_msft_policy_config_defender_allowscriptscanning","settingInstanceTemplateReference":null,"choiceSettingValue":{"settingValueTemplateReference":null,"value":"device_vendor_msft_policy_config_defender_allowscriptscanning_1","children":[]}}},{"id":"10","settingInstance":{"@odata.type":"#microsoft.graph.deviceManagementConfigurationChoiceSettingInstance","settingDefinitionId":"device_vendor_msft_policy_config_defender_allowuseruiaccess","settingInstanceTemplateReference":null,"choiceSettingValue":{"settingValueTemplateReference":null,"value":"device_vendor_msft_policy_config_defender_allowuseruiaccess_1","children":[]}}},{"id":"11","settingInstance":{"@odata.type":"#microsoft.graph.deviceManagementConfigurationGroupSettingCollectionInstance","settingDefinitionId":"device_vendor_msft_policy_config_defender_attacksurfacereductionrules","settingInstanceTemplateReference":null,"groupSettingCollectionValue":[{"settingValueTemplateReference":null,"children":[{"@odata.type":"#microsoft.graph.deviceManagementConfigurationChoiceSettingInstance","settingDefinitionId":"device_vendor_msft_policy_config_defender_attacksurfacereductionrules_blockrebootingmachineinsafemode","settingInstanceTemplateReference":null,"choiceSettingValue":{"settingValueTemplateReference":null,"value":"device_vendor_msft_policy_config_defender_attacksurfacereductionrules_blockrebootingmachineinsafemode_block","children":[]}},{"@odata.type":"#microsoft.graph.deviceManagementConfigurationChoiceSettingInstance","settingDefinitionId":"device_vendor_msft_policy_config_defender_attacksurfacereductionrules_blockuseofcopiedorimpersonatedsystemtools","settingInstanceTemplateReference":null,"choiceSettingValue":{"settingValueTemplateReference":null,"value":"device_vendor_msft_policy_config_defender_attacksurfacereductionrules_blockuseofcopiedorimpersonatedsystemtools_block","children":[]}},{"@odata.type":"#microsoft.graph.deviceManagementConfigurationChoiceSettingInstance","settingDefinitionId":"device_vendor_msft_policy_config_defender_attacksurfacereductionrules_blockabuseofexploitedvulnerablesigneddrivers","settingInstanceTemplateReference":null,"choiceSettingValue":{"settingValueTemplateReference":null,"value":"device_vendor_msft_policy_config_defender_attacksurfacereductionrules_blockabuseofexploitedvulnerablesigneddrivers_block","children":[]}},{"@odata.type":"#microsoft.graph.deviceManagementConfigurationChoiceSettingInstance","settingDefinitionId":"device_vendor_msft_policy_config_defender_attacksurfacereductionrules_blockadobereaderfromcreatingchildprocesses","settingInstanceTemplateReference":null,"choiceSettingValue":{"settingValueTemplateReference":null,"value":"device_vendor_msft_policy_config_defender_attacksurfacereductionrules_blockadobereaderfromcreatingchildprocesses_block","children":[]}},{"@odata.type":"#microsoft.graph.deviceManagementConfigurationChoiceSettingInstance","settingDefinitionId":"device_vendor_msft_policy_config_defender_attacksurfacereductionrules_blockallofficeapplicationsfromcreatingchildprocesses","settingInstanceTemplateReference":null,"choiceSettingValue":{"settingValueTemplateReference":null,"value":"device_vendor_msft_policy_config_defender_attacksurfacereductionrules_blockallofficeapplicationsfromcreatingchildprocesses_block","children":[]}},{"@odata.type":"#microsoft.graph.deviceManagementConfigurationChoiceSettingInstance","settingDefinitionId":"device_vendor_msft_policy_config_defender_attacksurfacereductionrules_blockcredentialstealingfromwindowslocalsecurityauthoritysubsystem","settingInstanceTemplateReference":null,"choiceSettingValue":{"settingValueTemplateReference":null,"value":"device_vendor_msft_policy_config_defender_attacksurfacereductionrules_blockcredentialstealingfromwindowslocalsecurityauthoritysubsystem_block","children":[]}},{"@odata.type":"#microsoft.graph.deviceManagementConfigurationChoiceSettingInstance","settingDefinitionId":"device_vendor_msft_policy_config_defender_attacksurfacereductionrules_blockexecutablecontentfromemailclientandwebmail","settingInstanceTemplateReference":null,"choiceSettingValue":{"settingValueTemplateReference":null,"value":"device_vendor_msft_policy_config_defender_attacksurfacereductionrules_blockexecutablecontentfromemailclientandwebmail_block","children":[]}},{"@odata.type":"#microsoft.graph.deviceManagementConfigurationChoiceSettingInstance","settingDefinitionId":"device_vendor_msft_policy_config_defender_attacksurfacereductionrules_blockexecutablefilesrunningunlesstheymeetprevalenceagetrustedlistcriterion","settingInstanceTemplateReference":null,"choiceSettingValue":{"settingValueTemplateReference":null,"value":"device_vendor_msft_policy_config_defender_attacksurfacereductionrules_blockexecutablefilesrunningunlesstheymeetprevalenceagetrustedlistcriterion_block","children":[]}},{"@odata.type":"#microsoft.graph.deviceManagementConfigurationChoiceSettingInstance","settingDefinitionId":"device_vendor_msft_policy_config_defender_attacksurfacereductionrules_blockexecutionofpotentiallyobfuscatedscripts","settingInstanceTemplateReference":null,"choiceSettingValue":{"settingValueTemplateReference":null,"value":"device_vendor_msft_policy_config_defender_attacksurfacereductionrules_blockexecutionofpotentiallyobfuscatedscripts_block","children":[]}},{"@odata.type":"#microsoft.graph.deviceManagementConfigurationChoiceSettingInstance","settingDefinitionId":"device_vendor_msft_policy_config_defender_attacksurfacereductionrules_blockjavascriptorvbscriptfromlaunchingdownloadedexecutablecontent","settingInstanceTemplateReference":null,"choiceSettingValue":{"settingValueTemplateReference":null,"value":"device_vendor_msft_policy_config_defender_attacksurfacereductionrules_blockjavascriptorvbscriptfromlaunchingdownloadedexecutablecontent_block","children":[]}},{"@odata.type":"#microsoft.graph.deviceManagementConfigurationChoiceSettingInstance","settingDefinitionId":"device_vendor_msft_policy_config_defender_attacksurfacereductionrules_blockofficeapplicationsfromcreatingexecutablecontent","settingInstanceTemplateReference":null,"choiceSettingValue":{"settingValueTemplateReference":null,"value":"device_vendor_msft_policy_config_defender_attacksurfacereductionrules_blockofficeapplicationsfromcreatingexecutablecontent_block","children":[]}},{"@odata.type":"#microsoft.graph.deviceManagementConfigurationChoiceSettingInstance","settingDefinitionId":"device_vendor_msft_policy_config_defender_attacksurfacereductionrules_blockofficeapplicationsfrominjectingcodeintootherprocesses","settingInstanceTemplateReference":null,"choiceSettingValue":{"settingValueTemplateReference":null,"value":"device_vendor_msft_policy_config_defender_attacksurfacereductionrules_blockofficeapplicationsfrominjectingcodeintootherprocesses_block","children":[]}},{"@odata.type":"#microsoft.graph.deviceManagementConfigurationChoiceSettingInstance","settingDefinitionId":"device_vendor_msft_policy_config_defender_attacksurfacereductionrules_blockofficecommunicationappfromcreatingchildprocesses","settingInstanceTemplateReference":null,"choiceSettingValue":{"settingValueTemplateReference":null,"value":"device_vendor_msft_policy_config_defender_attacksurfacereductionrules_blockofficecommunicationappfromcreatingchildprocesses_block","children":[]}},{"@odata.type":"#microsoft.graph.deviceManagementConfigurationChoiceSettingInstance","settingDefinitionId":"device_vendor_msft_policy_config_defender_attacksurfacereductionrules_blockpersistencethroughwmieventsubscription","settingInstanceTemplateReference":null,"choiceSettingValue":{"settingValueTemplateReference":null,"value":"device_vendor_msft_policy_config_defender_attacksurfacereductionrules_blockpersistencethroughwmieventsubscription_audit","children":[]}},{"@odata.type":"#microsoft.graph.deviceManagementConfigurationChoiceSettingInstance","settingDefinitionId":"device_vendor_msft_policy_config_defender_attacksurfacereductionrules_blockprocesscreationsfrompsexecandwmicommands","settingInstanceTemplateReference":null,"choiceSettingValue":{"settingValueTemplateReference":null,"value":"device_vendor_msft_policy_config_defender_attacksurfacereductionrules_blockprocesscreationsfrompsexecandwmicommands_audit","children":[]}},{"@odata.type":"#microsoft.graph.deviceManagementConfigurationChoiceSettingInstance","settingDefinitionId":"device_vendor_msft_policy_config_defender_attacksurfacereductionrules_blockuntrustedunsignedprocessesthatrunfromusb","settingInstanceTemplateReference":null,"choiceSettingValue":{"settingValueTemplateReference":null,"value":"device_vendor_msft_policy_config_defender_attacksurfacereductionrules_blockuntrustedunsignedprocessesthatrunfromusb_block","children":[]}},{"@odata.type":"#microsoft.graph.deviceManagementConfigurationChoiceSettingInstance","settingDefinitionId":"device_vendor_msft_policy_config_defender_attacksurfacereductionrules_blockwebshellcreationforservers","settingInstanceTemplateReference":null,"choiceSettingValue":{"settingValueTemplateReference":null,"value":"device_vendor_msft_policy_config_defender_attacksurfacereductionrules_blockwebshellcreationforservers_block","children":[]}},{"@odata.type":"#microsoft.graph.deviceManagementConfigurationChoiceSettingInstance","settingDefinitionId":"device_vendor_msft_policy_config_defender_attacksurfacereductionrules_blockwin32apicallsfromofficemacros","settingInstanceTemplateReference":null,"choiceSettingValue":{"settingValueTemplateReference":null,"value":"device_vendor_msft_policy_config_defender_attacksurfacereductionrules_blockwin32apicallsfromofficemacros_block","children":[]}},{"@odata.type":"#microsoft.graph.deviceManagementConfigurationChoiceSettingInstance","settingDefinitionId":"device_vendor_msft_policy_config_defender_attacksurfacereductionrules_useadvancedprotectionagainstransomware","settingInstanceTemplateReference":null,"choiceSettingValue":{"settingValueTemplateReference":null,"value":"device_vendor_msft_policy_config_defender_attacksurfacereductionrules_useadvancedprotectionagainstransomware_block","children":[]}}]}]}},{"id":"12","settingInstance":{"@odata.type":"#microsoft.graph.deviceManagementConfigurationChoiceSettingInstance","settingDefinitionId":"device_vendor_msft_policy_config_defender_checkforsignaturesbeforerunningscan","settingInstanceTemplateReference":null,"choiceSettingValue":{"settingValueTemplateReference":null,"value":"device_vendor_msft_policy_config_defender_checkforsignaturesbeforerunningscan_1","children":[]}}},{"id":"13","settingInstance":{"@odata.type":"#microsoft.graph.deviceManagementConfigurationChoiceSettingInstance","settingDefinitionId":"device_vendor_msft_policy_config_defender_cloudblocklevel","settingInstanceTemplateReference":null,"choiceSettingValue":{"settingValueTemplateReference":null,"value":"device_vendor_msft_policy_config_defender_cloudblocklevel_2","children":[]}}},{"id":"14","settingInstance":{"@odata.type":"#microsoft.graph.deviceManagementConfigurationSimpleSettingInstance","settingDefinitionId":"device_vendor_msft_policy_config_defender_cloudextendedtimeout","settingInstanceTemplateReference":null,"simpleSettingValue":{"@odata.type":"#microsoft.graph.deviceManagementConfigurationIntegerSettingValue","settingValueTemplateReference":null,"value":50}}},{"id":"15","settingInstance":{"@odata.type":"#microsoft.graph.deviceManagementConfigurationChoiceSettingInstance","settingDefinitionId":"device_vendor_msft_defender_configuration_disablelocaladminmerge","settingInstanceTemplateReference":null,"choiceSettingValue":{"settingValueTemplateReference":null,"value":"device_vendor_msft_defender_configuration_disablelocaladminmerge_0","children":[]}}},{"id":"16","settingInstance":{"@odata.type":"#microsoft.graph.deviceManagementConfigurationChoiceSettingInstance","settingDefinitionId":"device_vendor_msft_policy_config_defender_enablenetworkprotection","settingInstanceTemplateReference":null,"choiceSettingValue":{"settingValueTemplateReference":null,"value":"device_vendor_msft_policy_config_defender_enablenetworkprotection_1","children":[]}}},{"id":"17","settingInstance":{"@odata.type":"#microsoft.graph.deviceManagementConfigurationChoiceSettingInstance","settingDefinitionId":"device_vendor_msft_defender_configuration_hideexclusionsfromlocaladmins","settingInstanceTemplateReference":null,"choiceSettingValue":{"settingValueTemplateReference":null,"value":"device_vendor_msft_defender_configuration_hideexclusionsfromlocaladmins_1","children":[]}}},{"id":"18","settingInstance":{"@odata.type":"#microsoft.graph.deviceManagementConfigurationChoiceSettingInstance","settingDefinitionId":"device_vendor_msft_defender_configuration_hideexclusionsfromlocalusers","settingInstanceTemplateReference":null,"choiceSettingValue":{"settingValueTemplateReference":null,"value":"device_vendor_msft_defender_configuration_hideexclusionsfromlocalusers_1","children":[]}}},{"id":"19","settingInstance":{"@odata.type":"#microsoft.graph.deviceManagementConfigurationChoiceSettingInstance","settingDefinitionId":"device_vendor_msft_defender_configuration_oobeenablertpandsigupdate","settingInstanceTemplateReference":null,"choiceSettingValue":{"settingValueTemplateReference":null,"value":"device_vendor_msft_defender_configuration_oobeenablertpandsigupdate_1","children":[]}}},{"id":"20","settingInstance":{"@odata.type":"#microsoft.graph.deviceManagementConfigurationChoiceSettingInstance","settingDefinitionId":"device_vendor_msft_policy_config_defender_puaprotection","settingInstanceTemplateReference":null,"choiceSettingValue":{"settingValueTemplateReference":null,"value":"device_vendor_msft_policy_config_defender_puaprotection_1","children":[]}}},{"id":"21","settingInstance":{"@odata.type":"#microsoft.graph.deviceManagementConfigurationChoiceSettingInstance","settingDefinitionId":"device_vendor_msft_policy_config_defender_realtimescandirection","settingInstanceTemplateReference":null,"choiceSettingValue":{"settingValueTemplateReference":null,"value":"device_vendor_msft_policy_config_defender_realtimescandirection_0","children":[]}}},{"id":"22","settingInstance":{"@odata.type":"#microsoft.graph.deviceManagementConfigurationChoiceSettingInstance","settingDefinitionId":"device_vendor_msft_policy_config_defender_scanparameter","settingInstanceTemplateReference":null,"choiceSettingValue":{"settingValueTemplateReference":null,"value":"device_vendor_msft_policy_config_defender_scanparameter_1","children":[]}}},{"id":"23","settingInstance":{"@odata.type":"#microsoft.graph.deviceManagementConfigurationSimpleSettingInstance","settingDefinitionId":"device_vendor_msft_policy_config_defender_schedulequickscantime","settingInstanceTemplateReference":null,"simpleSettingValue":{"@odata.type":"#microsoft.graph.deviceManagementConfigurationIntegerSettingValue","settingValueTemplateReference":null,"value":120}}},{"id":"24","settingInstance":{"@odata.type":"#microsoft.graph.deviceManagementConfigurationChoiceSettingInstance","settingDefinitionId":"device_vendor_msft_policy_config_defender_schedulescanday","settingInstanceTemplateReference":null,"choiceSettingValue":{"settingValueTemplateReference":null,"value":"device_vendor_msft_policy_config_defender_schedulescanday_0","children":[]}}},{"id":"25","settingInstance":{"@odata.type":"#microsoft.graph.deviceManagementConfigurationSimpleSettingInstance","settingDefinitionId":"device_vendor_msft_policy_config_defender_schedulescantime","settingInstanceTemplateReference":null,"simpleSettingValue":{"@odata.type":"#microsoft.graph.deviceManagementConfigurationIntegerSettingValue","settingValueTemplateReference":null,"value":120}}},{"id":"26","settingInstance":{"@odata.type":"#microsoft.graph.deviceManagementConfigurationSimpleSettingInstance","settingDefinitionId":"device_vendor_msft_policy_config_defender_signatureupdateinterval","settingInstanceTemplateReference":null,"simpleSettingValue":{"@odata.type":"#microsoft.graph.deviceManagementConfigurationIntegerSettingValue","settingValueTemplateReference":null,"value":4}}},{"id":"27","settingInstance":{"@odata.type":"#microsoft.graph.deviceManagementConfigurationChoiceSettingInstance","settingDefinitionId":"device_vendor_msft_policy_config_defender_submitsamplesconsent","settingInstanceTemplateReference":null,"choiceSettingValue":{"settingValueTemplateReference":null,"value":"device_vendor_msft_policy_config_defender_submitsamplesconsent_3","children":[]}}}]}