﻿{"@odata.context":"https://graph.microsoft.com/beta/$metadata#deviceManagement/configurationPolicies/$entity","createdDateTime":"2025-02-24T14:12:14.0587208Z","creationSource":null,"description":"","lastModifiedDateTime":"2025-02-24T14:12:14.0587208Z","name":"Baseline-MDE-DMAGuard","platforms":"windows10","priorityMetaData":null,"roleScopeTagIds":["0"],"settingCount":1,"technologies":"mdm","id":"d458dcb8-367a-4c85-9a1a-6415eb5d5561","templateReference":{"templateId":"","templateFamily":"none","templateDisplayName":null,"templateDisplayVersion":null},"settings":[{"id":"0","settingInstance":{"@odata.type":"#microsoft.graph.deviceManagementConfigurationChoiceSettingInstance","settingDefinitionId":"device_vendor_msft_policy_config_dmaguard_deviceenumerationpolicy","settingInstanceTemplateReference":null,"choiceSettingValue":{"settingValueTemplateReference":null,"value":"device_vendor_msft_policy_config_dmaguard_deviceenumerationpolicy_0","children":[]}}}]}