﻿{"@odata.context":"https://graph.microsoft.com/beta/$metadata#deviceManagement/configurationPolicies/$entity","createdDateTime":"2025-02-24T14:26:27.7990925Z","creationSource":null,"description":"","lastModifiedDateTime":"2025-02-24T14:26:27.7990925Z","name":"Baseline-MDE-Firewall","platforms":"windows10","priorityMetaData":null,"roleScopeTagIds":["0"],"settingCount":8,"technologies":"mdm","id":"3a049b39-2ef3-4eab-aa16-e62e94ba442a","templateReference":{"templateId":"","templateFamily":"none","templateDisplayName":null,"templateDisplayVersion":null},"settings":[{"id":"0","settingInstance":{"@odata.type":"#microsoft.graph.deviceManagementConfigurationChoiceSettingInstance","settingDefinitionId":"vendor_msft_firewall_mdmstore_global_crlcheck","settingInstanceTemplateReference":null,"choiceSettingValue":{"settingValueTemplateReference":null,"value":"vendor_msft_firewall_mdmstore_global_crlcheck_0","children":[]}}},{"id":"1","settingInstance":{"@odata.type":"#microsoft.graph.deviceManagementConfigurationChoiceSettingInstance","settingDefinitionId":"vendor_msft_firewall_mdmstore_global_disablestatefulftp","settingInstanceTemplateReference":null,"choiceSettingValue":{"settingValueTemplateReference":null,"value":"vendor_msft_firewall_mdmstore_global_disablestatefulftp_true","children":[]}}},{"id":"2","settingInstance":{"@odata.type":"#microsoft.graph.deviceManagementConfigurationChoiceSettingInstance","settingDefinitionId":"vendor_msft_firewall_mdmstore_domainprofile_enablefirewall","settingInstanceTemplateReference":null,"choiceSettingValue":{"settingValueTemplateReference":null,"value":"vendor_msft_firewall_mdmstore_domainprofile_enablefirewall_true","children":[{"@odata.type":"#microsoft.graph.deviceManagementConfigurationChoiceSettingInstance","settingDefinitionId":"vendor_msft_firewall_mdmstore_domainprofile_allowlocalipsecpolicymerge","settingInstanceTemplateReference":null,"choiceSettingValue":{"settingValueTemplateReference":null,"value":"vendor_msft_firewall_mdmstore_domainprofile_allowlocalipsecpolicymerge_true","children":[]}},{"@odata.type":"#microsoft.graph.deviceManagementConfigurationChoiceSettingInstance","settingDefinitionId":"vendor_msft_firewall_mdmstore_domainprofile_allowlocalpolicymerge","settingInstanceTemplateReference":null,"choiceSettingValue":{"settingValueTemplateReference":null,"value":"vendor_msft_firewall_mdmstore_domainprofile_allowlocalpolicymerge_true","children":[]}},{"@odata.type":"#microsoft.graph.deviceManagementConfigurationChoiceSettingInstance","settingDefinitionId":"vendor_msft_firewall_mdmstore_domainprofile_disableinboundnotifications","settingInstanceTemplateReference":null,"choiceSettingValue":{"settingValueTemplateReference":null,"value":"vendor_msft_firewall_mdmstore_domainprofile_disableinboundnotifications_true","children":[]}},{"@odata.type":"#microsoft.graph.deviceManagementConfigurationChoiceSettingInstance","settingDefinitionId":"vendor_msft_firewall_mdmstore_domainprofile_disablestealthmode","settingInstanceTemplateReference":null,"choiceSettingValue":{"settingValueTemplateReference":null,"value":"vendor_msft_firewall_mdmstore_domainprofile_disablestealthmode_false","children":[]}},{"@odata.type":"#microsoft.graph.deviceManagementConfigurationChoiceSettingInstance","settingDefinitionId":"vendor_msft_firewall_mdmstore_domainprofile_disablestealthmodeipsecsecuredpacketexemption","settingInstanceTemplateReference":null,"choiceSettingValue":{"settingValueTemplateReference":null,"value":"vendor_msft_firewall_mdmstore_domainprofile_disablestealthmodeipsecsecuredpacketexemption_true","children":[]}},{"@odata.type":"#microsoft.graph.deviceManagementConfigurationChoiceSettingInstance","settingDefinitionId":"vendor_msft_firewall_mdmstore_domainprofile_disableunicastresponsestomulticastbroadcast","settingInstanceTemplateReference":null,"choiceSettingValue":{"settingValueTemplateReference":null,"value":"vendor_msft_firewall_mdmstore_domainprofile_disableunicastresponsestomulticastbroadcast_false","children":[]}},{"@odata.type":"#microsoft.graph.deviceManagementConfigurationChoiceSettingInstance","settingDefinitionId":"vendor_msft_firewall_mdmstore_domainprofile_globalportsallowuserprefmerge","settingInstanceTemplateReference":null,"choiceSettingValue":{"settingValueTemplateReference":null,"value":"vendor_msft_firewall_mdmstore_domainprofile_globalportsallowuserprefmerge_true","children":[]}}]}}},{"id":"3","settingInstance":{"@odata.type":"#microsoft.graph.deviceManagementConfigurationChoiceSettingCollectionInstance","settingDefinitionId":"vendor_msft_firewall_mdmstore_global_enablepacketqueue","settingInstanceTemplateReference":null,"choiceSettingCollectionValue":[{"settingValueTemplateReference":null,"value":"vendor_msft_firewall_mdmstore_global_enablepacketqueue_0","children":[]}]}},{"id":"4","settingInstance":{"@odata.type":"#microsoft.graph.deviceManagementConfigurationChoiceSettingInstance","settingDefinitionId":"vendor_msft_firewall_mdmstore_privateprofile_enablefirewall","settingInstanceTemplateReference":null,"choiceSettingValue":{"settingValueTemplateReference":null,"value":"vendor_msft_firewall_mdmstore_privateprofile_enablefirewall_true","children":[{"@odata.type":"#microsoft.graph.deviceManagementConfigurationChoiceSettingInstance","settingDefinitionId":"vendor_msft_firewall_mdmstore_privateprofile_allowlocalipsecpolicymerge","settingInstanceTemplateReference":null,"choiceSettingValue":{"settingValueTemplateReference":null,"value":"vendor_msft_firewall_mdmstore_privateprofile_allowlocalipsecpolicymerge_true","children":[]}},{"@odata.type":"#microsoft.graph.deviceManagementConfigurationChoiceSettingInstance","settingDefinitionId":"vendor_msft_firewall_mdmstore_privateprofile_allowlocalpolicymerge","settingInstanceTemplateReference":null,"choiceSettingValue":{"settingValueTemplateReference":null,"value":"vendor_msft_firewall_mdmstore_privateprofile_allowlocalpolicymerge_true","children":[]}},{"@odata.type":"#microsoft.graph.deviceManagementConfigurationChoiceSettingInstance","settingDefinitionId":"vendor_msft_firewall_mdmstore_privateprofile_authappsallowuserprefmerge","settingInstanceTemplateReference":null,"choiceSettingValue":{"settingValueTemplateReference":null,"value":"vendor_msft_firewall_mdmstore_privateprofile_authappsallowuserprefmerge_true","children":[]}},{"@odata.type":"#microsoft.graph.deviceManagementConfigurationChoiceSettingInstance","settingDefinitionId":"vendor_msft_firewall_mdmstore_privateprofile_defaultinboundaction","settingInstanceTemplateReference":null,"choiceSettingValue":{"settingValueTemplateReference":null,"value":"vendor_msft_firewall_mdmstore_privateprofile_defaultinboundaction_1","children":[]}},{"@odata.type":"#microsoft.graph.deviceManagementConfigurationChoiceSettingInstance","settingDefinitionId":"vendor_msft_firewall_mdmstore_privateprofile_defaultoutboundaction","settingInstanceTemplateReference":null,"choiceSettingValue":{"settingValueTemplateReference":null,"value":"vendor_msft_firewall_mdmstore_privateprofile_defaultoutboundaction_0","children":[]}},{"@odata.type":"#microsoft.graph.deviceManagementConfigurationChoiceSettingInstance","settingDefinitionId":"vendor_msft_firewall_mdmstore_privateprofile_disableinboundnotifications","settingInstanceTemplateReference":null,"choiceSettingValue":{"settingValueTemplateReference":null,"value":"vendor_msft_firewall_mdmstore_privateprofile_disableinboundnotifications_true","children":[]}},{"@odata.type":"#microsoft.graph.deviceManagementConfigurationChoiceSettingInstance","settingDefinitionId":"vendor_msft_firewall_mdmstore_privateprofile_disablestealthmode","settingInstanceTemplateReference":null,"choiceSettingValue":{"settingValueTemplateReference":null,"value":"vendor_msft_firewall_mdmstore_privateprofile_disablestealthmode_false","children":[]}},{"@odata.type":"#microsoft.graph.deviceManagementConfigurationChoiceSettingInstance","settingDefinitionId":"vendor_msft_firewall_mdmstore_privateprofile_disablestealthmodeipsecsecuredpacketexemption","settingInstanceTemplateReference":null,"choiceSettingValue":{"settingValueTemplateReference":null,"value":"vendor_msft_firewall_mdmstore_privateprofile_disablestealthmodeipsecsecuredpacketexemption_true","children":[]}},{"@odata.type":"#microsoft.graph.deviceManagementConfigurationChoiceSettingInstance","settingDefinitionId":"vendor_msft_firewall_mdmstore_privateprofile_disableunicastresponsestomulticastbroadcast","settingInstanceTemplateReference":null,"choiceSettingValue":{"settingValueTemplateReference":null,"value":"vendor_msft_firewall_mdmstore_privateprofile_disableunicastresponsestomulticastbroadcast_false","children":[]}},{"@odata.type":"#microsoft.graph.deviceManagementConfigurationChoiceSettingInstance","settingDefinitionId":"vendor_msft_firewall_mdmstore_privateprofile_globalportsallowuserprefmerge","settingInstanceTemplateReference":null,"choiceSettingValue":{"settingValueTemplateReference":null,"value":"vendor_msft_firewall_mdmstore_privateprofile_globalportsallowuserprefmerge_true","children":[]}}]}}},{"id":"5","settingInstance":{"@odata.type":"#microsoft.graph.deviceManagementConfigurationChoiceSettingInstance","settingDefinitionId":"vendor_msft_firewall_mdmstore_publicprofile_enablefirewall","settingInstanceTemplateReference":null,"choiceSettingValue":{"settingValueTemplateReference":null,"value":"vendor_msft_firewall_mdmstore_publicprofile_enablefirewall_true","children":[{"@odata.type":"#microsoft.graph.deviceManagementConfigurationChoiceSettingInstance","settingDefinitionId":"vendor_msft_firewall_mdmstore_publicprofile_allowlocalipsecpolicymerge","settingInstanceTemplateReference":null,"choiceSettingValue":{"settingValueTemplateReference":null,"value":"vendor_msft_firewall_mdmstore_publicprofile_allowlocalipsecpolicymerge_true","children":[]}},{"@odata.type":"#microsoft.graph.deviceManagementConfigurationChoiceSettingInstance","settingDefinitionId":"vendor_msft_firewall_mdmstore_publicprofile_allowlocalpolicymerge","settingInstanceTemplateReference":null,"choiceSettingValue":{"settingValueTemplateReference":null,"value":"vendor_msft_firewall_mdmstore_publicprofile_allowlocalpolicymerge_true","children":[]}},{"@odata.type":"#microsoft.graph.deviceManagementConfigurationChoiceSettingInstance","settingDefinitionId":"vendor_msft_firewall_mdmstore_publicprofile_authappsallowuserprefmerge","settingInstanceTemplateReference":null,"choiceSettingValue":{"settingValueTemplateReference":null,"value":"vendor_msft_firewall_mdmstore_publicprofile_authappsallowuserprefmerge_true","children":[]}},{"@odata.type":"#microsoft.graph.deviceManagementConfigurationChoiceSettingInstance","settingDefinitionId":"vendor_msft_firewall_mdmstore_publicprofile_defaultinboundaction","settingInstanceTemplateReference":null,"choiceSettingValue":{"settingValueTemplateReference":null,"value":"vendor_msft_firewall_mdmstore_publicprofile_defaultinboundaction_1","children":[]}},{"@odata.type":"#microsoft.graph.deviceManagementConfigurationChoiceSettingInstance","settingDefinitionId":"vendor_msft_firewall_mdmstore_publicprofile_defaultoutboundaction","settingInstanceTemplateReference":null,"choiceSettingValue":{"settingValueTemplateReference":null,"value":"vendor_msft_firewall_mdmstore_publicprofile_defaultoutboundaction_0","children":[]}},{"@odata.type":"#microsoft.graph.deviceManagementConfigurationChoiceSettingInstance","settingDefinitionId":"vendor_msft_firewall_mdmstore_publicprofile_disableinboundnotifications","settingInstanceTemplateReference":null,"choiceSettingValue":{"settingValueTemplateReference":null,"value":"vendor_msft_firewall_mdmstore_publicprofile_disableinboundnotifications_true","children":[]}},{"@odata.type":"#microsoft.graph.deviceManagementConfigurationChoiceSettingInstance","settingDefinitionId":"vendor_msft_firewall_mdmstore_publicprofile_disablestealthmode","settingInstanceTemplateReference":null,"choiceSettingValue":{"settingValueTemplateReference":null,"value":"vendor_msft_firewall_mdmstore_publicprofile_disablestealthmode_false","children":[]}},{"@odata.type":"#microsoft.graph.deviceManagementConfigurationChoiceSettingInstance","settingDefinitionId":"vendor_msft_firewall_mdmstore_publicprofile_disablestealthmodeipsecsecuredpacketexemption","settingInstanceTemplateReference":null,"choiceSettingValue":{"settingValueTemplateReference":null,"value":"vendor_msft_firewall_mdmstore_publicprofile_disablestealthmodeipsecsecuredpacketexemption_true","children":[]}},{"@odata.type":"#microsoft.graph.deviceManagementConfigurationChoiceSettingInstance","settingDefinitionId":"vendor_msft_firewall_mdmstore_publicprofile_disableunicastresponsestomulticastbroadcast","settingInstanceTemplateReference":null,"choiceSettingValue":{"settingValueTemplateReference":null,"value":"vendor_msft_firewall_mdmstore_publicprofile_disableunicastresponsestomulticastbroadcast_false","children":[]}},{"@odata.type":"#microsoft.graph.deviceManagementConfigurationChoiceSettingInstance","settingDefinitionId":"vendor_msft_firewall_mdmstore_publicprofile_globalportsallowuserprefmerge","settingInstanceTemplateReference":null,"choiceSettingValue":{"settingValueTemplateReference":null,"value":"vendor_msft_firewall_mdmstore_publicprofile_globalportsallowuserprefmerge_true","children":[]}}]}}},{"id":"6","settingInstance":{"@odata.type":"#microsoft.graph.deviceManagementConfigurationChoiceSettingInstance","settingDefinitionId":"vendor_msft_firewall_mdmstore_global_presharedkeyencoding","settingInstanceTemplateReference":null,"choiceSettingValue":{"settingValueTemplateReference":null,"value":"vendor_msft_firewall_mdmstore_global_presharedkeyencoding_1","children":[]}}},{"id":"7","settingInstance":{"@odata.type":"#microsoft.graph.deviceManagementConfigurationSimpleSettingInstance","settingDefinitionId":"vendor_msft_firewall_mdmstore_global_saidletime","settingInstanceTemplateReference":null,"simpleSettingValue":{"@odata.type":"#microsoft.graph.deviceManagementConfigurationIntegerSettingValue","settingValueTemplateReference":null,"value":300}}}]}