﻿{"@odata.context":"https://graph.microsoft.com/beta/$metadata#deviceManagement/configurationPolicies/$entity","createdDateTime":"2025-02-24T13:46:58.2078583Z","creationSource":null,"description":"","lastModifiedDateTime":"2025-02-24T13:46:58.2078583Z","name":"Baseline-MDE-Bitlocker","platforms":"windows10","priorityMetaData":null,"roleScopeTagIds":["0"],"settingCount":3,"technologies":"mdm","id":"b34e104a-5241-44ec-9181-1363ba7177ce","templateReference":{"templateId":"","templateFamily":"none","templateDisplayName":null,"templateDisplayVersion":null},"settings":[{"id":"0","settingInstance":{"@odata.type":"#microsoft.graph.deviceManagementConfigurationChoiceSettingInstance","settingDefinitionId":"device_vendor_msft_bitlocker_allowwarningforotherdiskencryption","settingInstanceTemplateReference":null,"choiceSettingValue":{"settingValueTemplateReference":null,"value":"device_vendor_msft_bitlocker_allowwarningforotherdiskencryption_1","children":[]}}},{"id":"1","settingInstance":{"@odata.type":"#microsoft.graph.deviceManagementConfigurationChoiceSettingInstance","settingDefinitionId":"device_vendor_msft_bitlocker_configurerecoverypasswordrotation","settingInstanceTemplateReference":null,"choiceSettingValue":{"settingValueTemplateReference":null,"value":"device_vendor_msft_bitlocker_configurerecoverypasswordrotation_2","children":[]}}},{"id":"2","settingInstance":{"@odata.type":"#microsoft.graph.deviceManagementConfigurationChoiceSettingInstance","settingDefinitionId":"device_vendor_msft_bitlocker_requiredeviceencryption","settingInstanceTemplateReference":null,"choiceSettingValue":{"settingValueTemplateReference":null,"value":"device_vendor_msft_bitlocker_requiredeviceencryption_1","children":[]}}}]}