﻿{"@odata.context":"https://graph.microsoft.com/beta/$metadata#deviceManagement/configurationPolicies/$entity","createdDateTime":"2025-02-24T14:29:17.0009785Z","creationSource":null,"description":"","lastModifiedDateTime":"2025-02-24T14:29:17.0009785Z","name":"Baseline-MDE-MicrosoftEdge","platforms":"windows10","priorityMetaData":null,"roleScopeTagIds":["0"],"settingCount":7,"technologies":"mdm","id":"a8102939-0280-4846-957c-4bc587f32077","templateReference":{"templateId":"","templateFamily":"none","templateDisplayName":null,"templateDisplayVersion":null},"settings":[{"id":"0","settingInstance":{"@odata.type":"#microsoft.graph.deviceManagementConfigurationChoiceSettingInstance","settingDefinitionId":"device_vendor_msft_policy_config_microsoft_edge~policy~microsoft_edge~smartscreen_smartscreenenabled","settingInstanceTemplateReference":null,"choiceSettingValue":{"settingValueTemplateReference":null,"value":"device_vendor_msft_policy_config_microsoft_edge~policy~microsoft_edge~smartscreen_smartscreenenabled_1","children":[]}}},{"id":"1","settingInstance":{"@odata.type":"#microsoft.graph.deviceManagementConfigurationChoiceSettingInstance","settingDefinitionId":"device_vendor_msft_policy_config_microsoft_edgev80diff~policy~microsoft_edge~smartscreen_smartscreenpuaenabled","settingInstanceTemplateReference":null,"choiceSettingValue":{"settingValueTemplateReference":null,"value":"device_vendor_msft_policy_config_microsoft_edgev80diff~policy~microsoft_edge~smartscreen_smartscreenpuaenabled_1","children":[]}}},{"id":"2","settingInstance":{"@odata.type":"#microsoft.graph.deviceManagementConfigurationChoiceSettingInstance","settingDefinitionId":"device_vendor_msft_policy_config_microsoft_edgev97~policy~microsoft_edge~smartscreen_smartscreendnsrequestsenabled","settingInstanceTemplateReference":null,"choiceSettingValue":{"settingValueTemplateReference":null,"value":"device_vendor_msft_policy_config_microsoft_edgev97~policy~microsoft_edge~smartscreen_smartscreendnsrequestsenabled_1","children":[]}}},{"id":"3","settingInstance":{"@odata.type":"#microsoft.graph.deviceManagementConfigurationChoiceSettingInstance","settingDefinitionId":"device_vendor_msft_policy_config_microsoft_edgev95~policy~microsoft_edge~smartscreen_newsmartscreenlibraryenabled","settingInstanceTemplateReference":null,"choiceSettingValue":{"settingValueTemplateReference":null,"value":"device_vendor_msft_policy_config_microsoft_edgev95~policy~microsoft_edge~smartscreen_newsmartscreenlibraryenabled_1","children":[]}}},{"id":"4","settingInstance":{"@odata.type":"#microsoft.graph.deviceManagementConfigurationChoiceSettingInstance","settingDefinitionId":"device_vendor_msft_policy_config_microsoft_edgev78diff~policy~microsoft_edge~smartscreen_smartscreenfortrusteddownloadsenabled","settingInstanceTemplateReference":null,"choiceSettingValue":{"settingValueTemplateReference":null,"value":"device_vendor_msft_policy_config_microsoft_edgev78diff~policy~microsoft_edge~smartscreen_smartscreenfortrusteddownloadsenabled_1","children":[]}}},{"id":"5","settingInstance":{"@odata.type":"#microsoft.graph.deviceManagementConfigurationChoiceSettingInstance","settingDefinitionId":"device_vendor_msft_policy_config_microsoft_edge~policy~microsoft_edge~smartscreen_preventsmartscreenpromptoverride","settingInstanceTemplateReference":null,"choiceSettingValue":{"settingValueTemplateReference":null,"value":"device_vendor_msft_policy_config_microsoft_edge~policy~microsoft_edge~smartscreen_preventsmartscreenpromptoverride_1","children":[]}}},{"id":"6","settingInstance":{"@odata.type":"#microsoft.graph.deviceManagementConfigurationChoiceSettingInstance","settingDefinitionId":"device_vendor_msft_policy_config_microsoft_edge~policy~microsoft_edge~smartscreen_preventsmartscreenpromptoverrideforfiles","settingInstanceTemplateReference":null,"choiceSettingValue":{"settingValueTemplateReference":null,"value":"device_vendor_msft_policy_config_microsoft_edge~policy~microsoft_edge~smartscreen_preventsmartscreenpromptoverrideforfiles_1","children":[]}}}]}